date,cpi_u_nsa,cpi_u_sa,cpi_u_x1,cpi_u_rs,cpi_u_early,cpi_u_late,cpi_u_rs_nsa_extended,sa_factor,cpi_u_rs_sa_extended
1937-01-01,14.1,NA,NA,NA,23.816895179124284,NA,23.816895179124284,1,23.816895179124284
1937-02-01,14.1,NA,NA,NA,23.816895179124284,NA,23.816895179124284,1,23.816895179124284
1937-03-01,14.2,NA,NA,NA,23.985809329330838,NA,23.985809329330838,1,23.985809329330838
1937-04-01,14.3,NA,NA,NA,24.154723479537395,NA,24.154723479537395,1,24.154723479537395
1937-05-01,14.4,NA,NA,NA,24.323637629743946,NA,24.323637629743946,1,24.323637629743946
1937-06-01,14.4,NA,NA,NA,24.323637629743946,NA,24.323637629743946,1,24.323637629743946
1937-07-01,14.5,NA,NA,NA,24.492551779950503,NA,24.492551779950503,1,24.492551779950503
1937-08-01,14.5,NA,NA,NA,24.492551779950503,NA,24.492551779950503,1,24.492551779950503
1937-09-01,14.6,NA,NA,NA,24.661465930157057,NA,24.661465930157057,1,24.661465930157057
1937-10-01,14.6,NA,NA,NA,24.661465930157057,NA,24.661465930157057,1,24.661465930157057
1937-11-01,14.5,NA,NA,NA,24.492551779950503,NA,24.492551779950503,1,24.492551779950503
1937-12-01,14.4,NA,NA,NA,24.323637629743946,NA,24.323637629743946,1,24.323637629743946
1938-01-01,14.2,NA,NA,NA,23.985809329330838,NA,23.985809329330838,1,23.985809329330838
1938-02-01,14.1,NA,NA,NA,23.816895179124284,NA,23.816895179124284,1,23.816895179124284
1938-03-01,14.1,NA,NA,NA,23.816895179124284,NA,23.816895179124284,1,23.816895179124284
1938-04-01,14.2,NA,NA,NA,23.985809329330838,NA,23.985809329330838,1,23.985809329330838
1938-05-01,14.1,NA,NA,NA,23.816895179124284,NA,23.816895179124284,1,23.816895179124284
1938-06-01,14.1,NA,NA,NA,23.816895179124284,NA,23.816895179124284,1,23.816895179124284
1938-07-01,14.1,NA,NA,NA,23.816895179124284,NA,23.816895179124284,1,23.816895179124284
1938-08-01,14.1,NA,NA,NA,23.816895179124284,NA,23.816895179124284,1,23.816895179124284
1938-09-01,14.1,NA,NA,NA,23.816895179124284,NA,23.816895179124284,1,23.816895179124284
1938-10-01,14,NA,NA,NA,23.647981028917727,NA,23.647981028917727,1,23.647981028917727
1938-11-01,14,NA,NA,NA,23.647981028917727,NA,23.647981028917727,1,23.647981028917727
1938-12-01,14,NA,NA,NA,23.647981028917727,NA,23.647981028917727,1,23.647981028917727
1939-01-01,14,NA,NA,NA,23.647981028917727,NA,23.647981028917727,1,23.647981028917727
1939-02-01,13.9,NA,NA,NA,23.479066878711173,NA,23.479066878711173,1,23.479066878711173
1939-03-01,13.9,NA,NA,NA,23.479066878711173,NA,23.479066878711173,1,23.479066878711173
1939-04-01,13.8,NA,NA,NA,23.31015272850462,NA,23.31015272850462,1,23.31015272850462
1939-05-01,13.8,NA,NA,NA,23.31015272850462,NA,23.31015272850462,1,23.31015272850462
1939-06-01,13.8,NA,NA,NA,23.31015272850462,NA,23.31015272850462,1,23.31015272850462
1939-07-01,13.8,NA,NA,NA,23.31015272850462,NA,23.31015272850462,1,23.31015272850462
1939-08-01,13.8,NA,NA,NA,23.31015272850462,NA,23.31015272850462,1,23.31015272850462
1939-09-01,14.1,NA,NA,NA,23.816895179124284,NA,23.816895179124284,1,23.816895179124284
1939-10-01,14,NA,NA,NA,23.647981028917727,NA,23.647981028917727,1,23.647981028917727
1939-11-01,14,NA,NA,NA,23.647981028917727,NA,23.647981028917727,1,23.647981028917727
1939-12-01,14,NA,NA,NA,23.647981028917727,NA,23.647981028917727,1,23.647981028917727
1940-01-01,13.9,NA,NA,NA,23.479066878711173,NA,23.479066878711173,1,23.479066878711173
1940-02-01,14,NA,NA,NA,23.647981028917727,NA,23.647981028917727,1,23.647981028917727
1940-03-01,14,NA,NA,NA,23.647981028917727,NA,23.647981028917727,1,23.647981028917727
1940-04-01,14,NA,NA,NA,23.647981028917727,NA,23.647981028917727,1,23.647981028917727
1940-05-01,14,NA,NA,NA,23.647981028917727,NA,23.647981028917727,1,23.647981028917727
1940-06-01,14.1,NA,NA,NA,23.816895179124284,NA,23.816895179124284,1,23.816895179124284
1940-07-01,14,NA,NA,NA,23.647981028917727,NA,23.647981028917727,1,23.647981028917727
1940-08-01,14,NA,NA,NA,23.647981028917727,NA,23.647981028917727,1,23.647981028917727
1940-09-01,14,NA,NA,NA,23.647981028917727,NA,23.647981028917727,1,23.647981028917727
1940-10-01,14,NA,NA,NA,23.647981028917727,NA,23.647981028917727,1,23.647981028917727
1940-11-01,14,NA,NA,NA,23.647981028917727,NA,23.647981028917727,1,23.647981028917727
1940-12-01,14.1,NA,NA,NA,23.816895179124284,NA,23.816895179124284,1,23.816895179124284
1941-01-01,14.1,NA,NA,NA,23.816895179124284,NA,23.816895179124284,1,23.816895179124284
1941-02-01,14.1,NA,NA,NA,23.816895179124284,NA,23.816895179124284,1,23.816895179124284
1941-03-01,14.2,NA,NA,NA,23.985809329330838,NA,23.985809329330838,1,23.985809329330838
1941-04-01,14.3,NA,NA,NA,24.154723479537395,NA,24.154723479537395,1,24.154723479537395
1941-05-01,14.4,NA,NA,NA,24.323637629743946,NA,24.323637629743946,1,24.323637629743946
1941-06-01,14.7,NA,NA,NA,24.83038008036361,NA,24.83038008036361,1,24.83038008036361
1941-07-01,14.7,NA,NA,NA,24.83038008036361,NA,24.83038008036361,1,24.83038008036361
1941-08-01,14.9,NA,NA,NA,25.168208380776726,NA,25.168208380776726,1,25.168208380776726
1941-09-01,15.1,NA,NA,NA,25.506036681189837,NA,25.506036681189837,1,25.506036681189837
1941-10-01,15.3,NA,NA,NA,25.843864981602945,NA,25.843864981602945,1,25.843864981602945
1941-11-01,15.4,NA,NA,NA,26.0127791318095,NA,26.0127791318095,1,26.0127791318095
1941-12-01,15.5,NA,NA,NA,26.181693282016056,NA,26.181693282016056,1,26.181693282016056
1942-01-01,15.7,NA,NA,NA,26.519521582429164,NA,26.519521582429164,1,26.519521582429164
1942-02-01,15.8,NA,NA,NA,26.688435732635725,NA,26.688435732635725,1,26.688435732635725
1942-03-01,16,NA,NA,NA,27.026264033048832,NA,27.026264033048832,1,27.026264033048832
1942-04-01,16.1,NA,NA,NA,27.195178183255386,NA,27.195178183255386,1,27.195178183255386
1942-05-01,16.3,NA,NA,NA,27.533006483668498,NA,27.533006483668498,1,27.533006483668498
1942-06-01,16.3,NA,NA,NA,27.533006483668498,NA,27.533006483668498,1,27.533006483668498
1942-07-01,16.4,NA,NA,NA,27.701920633875048,NA,27.701920633875048,1,27.701920633875048
1942-08-01,16.5,NA,NA,NA,27.87083478408161,NA,27.87083478408161,1,27.87083478408161
1942-09-01,16.5,NA,NA,NA,27.87083478408161,NA,27.87083478408161,1,27.87083478408161
1942-10-01,16.7,NA,NA,NA,28.208663084494717,NA,28.208663084494717,1,28.208663084494717
1942-11-01,16.8,NA,NA,NA,28.377577234701274,NA,28.377577234701274,1,28.377577234701274
1942-12-01,16.9,NA,NA,NA,28.546491384907824,NA,28.546491384907824,1,28.546491384907824
1943-01-01,16.9,NA,NA,NA,28.546491384907824,NA,28.546491384907824,1,28.546491384907824
1943-02-01,16.9,NA,NA,NA,28.546491384907824,NA,28.546491384907824,1,28.546491384907824
1943-03-01,17.2,NA,NA,NA,29.05323383552749,NA,29.05323383552749,1,29.05323383552749
1943-04-01,17.4,NA,NA,NA,29.391062135940604,NA,29.391062135940604,1,29.391062135940604
1943-05-01,17.5,NA,NA,NA,29.559976286147158,NA,29.559976286147158,1,29.559976286147158
1943-06-01,17.5,NA,NA,NA,29.559976286147158,NA,29.559976286147158,1,29.559976286147158
1943-07-01,17.4,NA,NA,NA,29.391062135940604,NA,29.391062135940604,1,29.391062135940604
1943-08-01,17.3,NA,NA,NA,29.22214798573405,NA,29.22214798573405,1,29.22214798573405
1943-09-01,17.4,NA,NA,NA,29.391062135940604,NA,29.391062135940604,1,29.391062135940604
1943-10-01,17.4,NA,NA,NA,29.391062135940604,NA,29.391062135940604,1,29.391062135940604
1943-11-01,17.4,NA,NA,NA,29.391062135940604,NA,29.391062135940604,1,29.391062135940604
1943-12-01,17.4,NA,NA,NA,29.391062135940604,NA,29.391062135940604,1,29.391062135940604
1944-01-01,17.4,NA,NA,NA,29.391062135940604,NA,29.391062135940604,1,29.391062135940604
1944-02-01,17.4,NA,NA,NA,29.391062135940604,NA,29.391062135940604,1,29.391062135940604
1944-03-01,17.4,NA,NA,NA,29.391062135940604,NA,29.391062135940604,1,29.391062135940604
1944-04-01,17.5,NA,NA,NA,29.559976286147158,NA,29.559976286147158,1,29.559976286147158
1944-05-01,17.5,NA,NA,NA,29.559976286147158,NA,29.559976286147158,1,29.559976286147158
1944-06-01,17.6,NA,NA,NA,29.728890436353716,NA,29.728890436353716,1,29.728890436353716
1944-07-01,17.7,NA,NA,NA,29.89780458656027,NA,29.89780458656027,1,29.89780458656027
1944-08-01,17.7,NA,NA,NA,29.89780458656027,NA,29.89780458656027,1,29.89780458656027
1944-09-01,17.7,NA,NA,NA,29.89780458656027,NA,29.89780458656027,1,29.89780458656027
1944-10-01,17.7,NA,NA,NA,29.89780458656027,NA,29.89780458656027,1,29.89780458656027
1944-11-01,17.7,NA,NA,NA,29.89780458656027,NA,29.89780458656027,1,29.89780458656027
1944-12-01,17.8,NA,NA,NA,30.066718736766823,NA,30.066718736766823,1,30.066718736766823
1945-01-01,17.8,NA,NA,NA,30.066718736766823,NA,30.066718736766823,1,30.066718736766823
1945-02-01,17.8,NA,NA,NA,30.066718736766823,NA,30.066718736766823,1,30.066718736766823
1945-03-01,17.8,NA,NA,NA,30.066718736766823,NA,30.066718736766823,1,30.066718736766823
1945-04-01,17.8,NA,NA,NA,30.066718736766823,NA,30.066718736766823,1,30.066718736766823
1945-05-01,17.9,NA,NA,NA,30.235632886973377,NA,30.235632886973377,1,30.235632886973377
1945-06-01,18.1,NA,NA,NA,30.573461187386492,NA,30.573461187386492,1,30.573461187386492
1945-07-01,18.1,NA,NA,NA,30.573461187386492,NA,30.573461187386492,1,30.573461187386492
1945-08-01,18.1,NA,NA,NA,30.573461187386492,NA,30.573461187386492,1,30.573461187386492
1945-09-01,18.1,NA,NA,NA,30.573461187386492,NA,30.573461187386492,1,30.573461187386492
1945-10-01,18.1,NA,NA,NA,30.573461187386492,NA,30.573461187386492,1,30.573461187386492
1945-11-01,18.1,NA,NA,NA,30.573461187386492,NA,30.573461187386492,1,30.573461187386492
1945-12-01,18.2,NA,NA,NA,30.742375337593046,NA,30.742375337593046,1,30.742375337593046
1946-01-01,18.2,NA,NA,NA,30.742375337593046,NA,30.742375337593046,1,30.742375337593046
1946-02-01,18.1,NA,NA,NA,30.573461187386492,NA,30.573461187386492,1,30.573461187386492
1946-03-01,18.3,NA,NA,NA,30.9112894877996,NA,30.9112894877996,1,30.9112894877996
1946-04-01,18.4,NA,NA,NA,31.080203638006154,NA,31.080203638006154,1,31.080203638006154
1946-05-01,18.5,NA,NA,NA,31.24911778821271,NA,31.24911778821271,1,31.24911778821271
1946-06-01,18.7,NA,NA,NA,31.58694608862582,NA,31.58694608862582,1,31.58694608862582
1946-07-01,19.8,NA,NA,NA,33.44500174089793,NA,33.44500174089793,1,33.44500174089793
1946-08-01,20.2,NA,NA,NA,34.12065834172415,NA,34.12065834172415,1,34.12065834172415
1946-09-01,20.4,NA,NA,NA,34.45848664213726,NA,34.45848664213726,1,34.45848664213726
1946-10-01,20.8,NA,NA,NA,35.13414324296348,NA,35.13414324296348,1,35.13414324296348
1946-11-01,21.3,NA,NA,NA,35.97871399399626,NA,35.97871399399626,1,35.97871399399626
1946-12-01,21.5,NA,NA,NA,36.316542294409366,NA,36.316542294409366,1,36.316542294409366
1947-01-01,21.5,21.48,NA,NA,36.316542294409366,NA,36.316542294409366,0.9990697674418605,36.282759464368056
1947-02-01,21.5,21.62,NA,NA,36.316542294409366,NA,36.316542294409366,1.0055813953488373,36.51923927465724
1947-03-01,21.9,22,NA,NA,36.99219889523559,NA,36.99219889523559,1.0045662100456623,37.16111304544215
1947-04-01,21.9,22,NA,NA,36.99219889523559,NA,36.99219889523559,1.0045662100456623,37.16111304544215
1947-05-01,21.9,21.95,NA,NA,36.99219889523559,NA,36.99219889523559,1.0022831050228311,37.07665597033887
1947-06-01,22,22.08,NA,NA,37.16111304544214,NA,37.16111304544214,1.0036363636363637,37.296244365607386
1947-07-01,22.2,22.23,NA,NA,37.49894134585525,NA,37.49894134585525,1.0013513513513514,37.54961559091722
1947-08-01,22.5,22.4,NA,NA,38.00568379647492,NA,38.00568379647492,0.9955555555555555,37.836769646268365
1947-09-01,23,22.84,NA,NA,38.850254547507696,NA,38.850254547507696,0.9930434782608696,38.57999190717721
1947-10-01,23,22.91,NA,NA,38.850254547507696,NA,38.850254547507696,0.9960869565217392,38.6982318123218
1947-11-01,23.1,23.06,NA,NA,39.01916869771426,NA,39.01916869771426,0.9982683982683982,38.951603037631635
1947-12-01,23.4,23.41,NA,NA,39.52591114833391,NA,39.52591114833391,1.0004273504273504,39.54280256335457
1948-01-01,23.7,23.68,NA,NA,40.03265359895358,NA,40.03265359895358,0.99915611814346,39.99887076891227
1948-02-01,23.5,23.67,NA,NA,39.69482529854047,NA,39.69482529854047,1.0072340425531916,39.98197935389162
1948-03-01,23.4,23.5,NA,NA,39.52591114833391,NA,39.52591114833391,1.0042735042735043,39.694825298540465
1948-04-01,23.8,23.82,NA,NA,40.201567749160134,NA,40.201567749160134,1.0008403361344538,40.235350579201445
1948-05-01,23.9,24.01,NA,NA,40.37048189936669,NA,40.37048189936669,1.0046025104602512,40.5562874645939
1948-06-01,24.1,24.15,NA,NA,40.7083101997798,NA,40.7083101997798,1.0020746887966805,40.79276727488308
1948-07-01,24.4,24.4,NA,NA,41.215052650399464,NA,41.215052650399464,1,41.215052650399464
1948-08-01,24.5,24.43,NA,NA,41.383966800606025,NA,41.383966800606025,0.9971428571428571,41.265726895461434
1948-09-01,24.5,24.36,NA,NA,41.383966800606025,NA,41.383966800606025,0.9942857142857142,41.14748699031684
1948-10-01,24.4,24.31,NA,NA,41.215052650399464,NA,41.215052650399464,0.9963114754098361,41.06302991521357
1948-11-01,24.2,24.16,NA,NA,40.877224349986356,NA,40.877224349986356,0.9983471074380166,40.809658689903735
1948-12-01,24.1,24.05,NA,NA,40.7083101997798,NA,40.7083101997798,0.9979253112033195,40.62385312467652
1949-01-01,24,24.01,NA,NA,40.53939604957324,NA,40.53939604957324,1.0004166666666667,40.5562874645939
1949-02-01,23.8,23.91,NA,NA,40.201567749160134,NA,40.201567749160134,1.0046218487394958,40.38737331438735
1949-03-01,23.8,23.91,NA,NA,40.201567749160134,NA,40.201567749160134,1.0046218487394958,40.38737331438735
1949-04-01,23.9,23.92,NA,NA,40.37048189936669,NA,40.37048189936669,1.0008368200836821,40.404264729408006
1949-05-01,23.8,23.91,NA,NA,40.201567749160134,NA,40.201567749160134,1.0046218487394958,40.38737331438735
1949-06-01,23.9,23.92,NA,NA,40.37048189936669,NA,40.37048189936669,1.0008368200836821,40.404264729408006
1949-07-01,23.7,23.7,NA,NA,40.03265359895358,NA,40.03265359895358,1,40.03265359895358
1949-08-01,23.8,23.7,NA,NA,40.201567749160134,NA,40.201567749160134,0.995798319327731,40.03265359895357
1949-09-01,23.9,23.75,NA,NA,40.37048189936669,NA,40.37048189936669,0.993723849372385,40.11711067405686
1949-10-01,23.7,23.67,NA,NA,40.03265359895358,NA,40.03265359895358,0.99873417721519,39.98197935389162
1949-11-01,23.8,23.7,NA,NA,40.201567749160134,NA,40.201567749160134,0.995798319327731,40.03265359895357
1949-12-01,23.6,23.61,NA,NA,39.86373944874703,NA,39.86373944874703,1.0004237288135593,39.88063086376769
1950-01-01,23.5,23.51,NA,NA,39.69482529854047,NA,39.69482529854047,1.0004255319148936,39.711716713561124
1950-02-01,23.5,23.61,NA,NA,39.69482529854047,NA,39.69482529854047,1.0046808510638299,39.880630863767685
1950-03-01,23.6,23.64,NA,NA,39.86373944874703,NA,39.86373944874703,1.0016949152542372,39.93130510882965
1950-04-01,23.6,23.65,NA,NA,39.86373944874703,NA,39.86373944874703,1.0021186440677965,39.94819652385031
1950-05-01,23.7,23.77,NA,NA,40.03265359895358,NA,40.03265359895358,1.0029535864978902,40.150893504098164
1950-06-01,23.8,23.88,NA,NA,40.201567749160134,NA,40.201567749160134,1.0033613445378151,40.33669906932538
1950-07-01,24.1,24.07,NA,NA,40.7083101997798,NA,40.7083101997798,0.9987551867219917,40.65763595471783
1950-08-01,24.3,24.2,NA,NA,41.04613850019291,NA,41.04613850019291,0.9958847736625513,40.87722434998635
1950-09-01,24.4,24.34,NA,NA,41.215052650399464,NA,41.215052650399464,0.9975409836065574,41.11370416027553
1950-10-01,24.6,24.5,NA,NA,41.55288095081258,NA,41.55288095081258,0.9959349593495934,41.38396680060602
1950-11-01,24.7,24.6,NA,NA,41.72179510101913,NA,41.72179510101913,0.9959514170040487,41.55288095081258
1950-12-01,25,24.98,NA,NA,42.2285375516388,NA,42.2285375516388,0.9992,42.19475472159749
1951-01-01,25.4,25.38,NA,NA,42.90419415246502,NA,42.90419415246502,0.9992125984251968,42.870411322423706
1951-02-01,25.7,25.83,NA,NA,43.41093660308468,NA,43.41093660308468,1.0050583657587548,43.6305249983532
1951-03-01,25.8,25.88,NA,NA,43.57985075329124,NA,43.57985075329124,1.0031007751937984,43.71498207345648
1951-04-01,25.8,25.92,NA,NA,43.57985075329124,NA,43.57985075329124,1.0046511627906978,43.78254773353911
1951-05-01,25.9,25.99,NA,NA,43.74876490349779,NA,43.74876490349779,1.0034749034749035,43.900787638683695
1951-06-01,25.9,25.93,NA,NA,43.74876490349779,NA,43.74876490349779,1.0011583011583012,43.79943914855976
1951-07-01,25.9,25.91,NA,NA,43.74876490349779,NA,43.74876490349779,1.0003861003861005,43.76565631851845
1951-08-01,25.9,25.86,NA,NA,43.74876490349779,NA,43.74876490349779,0.9984555984555985,43.68119924341517
1951-09-01,26.1,26.03,NA,NA,44.08659320391091,NA,44.08659320391091,0.9973180076628353,43.968353298766324
1951-10-01,26.2,26.16,NA,NA,44.25550735411746,NA,44.25550735411746,0.9984732824427481,44.18794169403484
1951-11-01,26.4,26.32,NA,NA,44.59333565453057,NA,44.59333565453057,0.9969696969696971,44.45820433436533
1951-12-01,26.5,26.47,NA,NA,44.76224980473713,NA,44.76224980473713,0.9988679245283019,44.71157555967516
1952-01-01,26.5,26.45,NA,NA,44.76224980473713,NA,44.76224980473713,0.9981132075471698,44.67779272963385
1952-02-01,26.3,26.41,NA,NA,44.424421504324016,NA,44.424421504324016,1.0041825095057033,44.61022706955122
1952-03-01,26.3,26.39,NA,NA,44.424421504324016,NA,44.424421504324016,1.0034220532319391,44.57644423950991
1952-04-01,26.4,26.46,NA,NA,44.59333565453057,NA,44.59333565453057,1.0022727272727274,44.69468414465451
1952-05-01,26.4,26.47,NA,NA,44.59333565453057,NA,44.59333565453057,1.0026515151515152,44.71157555967516
1952-06-01,26.5,26.53,NA,NA,44.76224980473713,NA,44.76224980473713,1.0011320754716981,44.8129240497991
1952-07-01,26.7,26.68,NA,NA,45.10007810515024,NA,45.10007810515024,0.9992509363295881,45.06629527510893
1952-08-01,26.7,26.69,NA,NA,45.10007810515024,NA,45.10007810515024,0.999625468164794,45.08318669012959
1952-09-01,26.7,26.63,NA,NA,45.10007810515024,NA,45.10007810515024,0.9973782771535581,44.981838200005654
1952-10-01,26.7,26.69,NA,NA,45.10007810515024,NA,45.10007810515024,0.999625468164794,45.08318669012959
1952-11-01,26.7,26.69,NA,NA,45.10007810515024,NA,45.10007810515024,0.999625468164794,45.08318669012959
1952-12-01,26.7,26.71,NA,NA,45.10007810515024,NA,45.10007810515024,1.000374531835206,45.11696952017089
1953-01-01,26.6,26.64,NA,NA,44.931163954943685,NA,44.931163954943685,1.0015037593984961,44.9987296150263
1953-02-01,26.5,26.59,NA,NA,44.76224980473713,NA,44.76224980473713,1.0033962264150944,44.91427253992303
1953-03-01,26.6,26.63,NA,NA,44.931163954943685,NA,44.931163954943685,1.0011278195488722,44.981838200005654
1953-04-01,26.6,26.69,NA,NA,44.931163954943685,NA,44.931163954943685,1.0033834586466166,45.08318669012959
1953-05-01,26.7,26.7,NA,NA,45.10007810515024,NA,45.10007810515024,1,45.10007810515024
1953-06-01,26.8,26.77,NA,NA,45.26899225535679,NA,45.26899225535679,0.9988805970149254,45.21831801029482
1953-07-01,26.8,26.79,NA,NA,45.26899225535679,NA,45.26899225535679,0.9996268656716417,45.252100840336134
1953-08-01,26.9,26.85,NA,NA,45.437906405563346,NA,45.437906405563346,0.9981412639405206,45.35344933046007
1953-09-01,26.9,26.89,NA,NA,45.437906405563346,NA,45.437906405563346,0.9996282527881042,45.421014990542695
1953-10-01,27,26.95,NA,NA,45.60682055576991,NA,45.60682055576991,0.9981481481481481,45.52236348066663
1953-11-01,26.9,26.85,NA,NA,45.437906405563346,NA,45.437906405563346,0.9981412639405206,45.35344933046007
1953-12-01,26.9,26.87,NA,NA,45.437906405563346,NA,45.437906405563346,0.9988847583643123,45.387232160501384
1954-01-01,26.9,26.94,NA,NA,45.437906405563346,NA,45.437906405563346,1.0014869888475837,45.50547206564597
1954-02-01,26.9,26.99,NA,NA,45.437906405563346,NA,45.437906405563346,1.0033457249070632,45.58992914074925
1954-03-01,26.9,26.93,NA,NA,45.437906405563346,NA,45.437906405563346,1.0011152416356879,45.48858065062532
1954-04-01,26.8,26.86,NA,NA,45.26899225535679,NA,45.26899225535679,1.0022388059701492,45.370340745480725
1954-05-01,26.9,26.93,NA,NA,45.437906405563346,NA,45.437906405563346,1.0011152416356879,45.48858065062532
1954-06-01,26.9,26.94,NA,NA,45.437906405563346,NA,45.437906405563346,1.0014869888475837,45.50547206564597
1954-07-01,26.9,26.86,NA,NA,45.437906405563346,NA,45.437906405563346,0.9985130111524164,45.370340745480725
1954-08-01,26.9,26.85,NA,NA,45.437906405563346,NA,45.437906405563346,0.9981412639405206,45.35344933046007
1954-09-01,26.8,26.81,NA,NA,45.26899225535679,NA,45.26899225535679,1.0003731343283582,45.285883670377444
1954-10-01,26.8,26.72,NA,NA,45.26899225535679,NA,45.26899225535679,0.9970149253731343,45.13386093519155
1954-11-01,26.8,26.78,NA,NA,45.26899225535679,NA,45.26899225535679,0.9992537313432835,45.23520942531548
1954-12-01,26.7,26.77,NA,NA,45.10007810515024,NA,45.10007810515024,1.002621722846442,45.21831801029483
1955-01-01,26.7,26.77,NA,NA,45.10007810515024,NA,45.10007810515024,1.002621722846442,45.21831801029483
1955-02-01,26.7,26.82,NA,NA,45.10007810515024,NA,45.10007810515024,1.0044943820224719,45.3027750853981
1955-03-01,26.7,26.79,NA,NA,45.10007810515024,NA,45.10007810515024,1.003370786516854,45.25210084033614
1955-04-01,26.7,26.79,NA,NA,45.10007810515024,NA,45.10007810515024,1.003370786516854,45.25210084033614
1955-05-01,26.7,26.77,NA,NA,45.10007810515024,NA,45.10007810515024,1.002621722846442,45.21831801029483
1955-06-01,26.7,26.71,NA,NA,45.10007810515024,NA,45.10007810515024,1.000374531835206,45.11696952017089
1955-07-01,26.8,26.76,NA,NA,45.26899225535679,NA,45.26899225535679,0.9985074626865672,45.20142659527417
1955-08-01,26.8,26.72,NA,NA,45.26899225535679,NA,45.26899225535679,0.9970149253731343,45.13386093519155
1955-09-01,26.9,26.85,NA,NA,45.437906405563346,NA,45.437906405563346,0.9981412639405206,45.35344933046007
1955-10-01,26.9,26.82,NA,NA,45.437906405563346,NA,45.437906405563346,0.9970260223048327,45.3027750853981
1955-11-01,26.9,26.88,NA,NA,45.437906405563346,NA,45.437906405563346,0.9992565055762082,45.404123575522036
1955-12-01,26.8,26.87,NA,NA,45.26899225535679,NA,45.26899225535679,1.0026119402985074,45.38723216050138
1956-01-01,26.8,26.83,NA,NA,45.26899225535679,NA,45.26899225535679,1.0011194029850745,45.319666500418755
1956-02-01,26.8,26.86,NA,NA,45.26899225535679,NA,45.26899225535679,1.0022388059701492,45.370340745480725
1956-03-01,26.8,26.89,NA,NA,45.26899225535679,NA,45.26899225535679,1.003358208955224,45.421014990542695
1956-04-01,26.9,26.93,NA,NA,45.437906405563346,NA,45.437906405563346,1.0011152416356879,45.48858065062532
1956-05-01,27,27.03,NA,NA,45.60682055576991,NA,45.60682055576991,1.001111111111111,45.65749480083187
1956-06-01,27.2,27.15,NA,NA,45.94464885618301,NA,45.94464885618301,0.9981617647058824,45.86019178107973
1956-07-01,27.4,27.29,NA,NA,46.282477156596116,NA,46.282477156596116,0.995985401459854,46.0966715913689
1956-08-01,27.3,27.31,NA,NA,46.11356300638957,NA,46.11356300638957,1.0003663003663004,46.13045442141023
1956-09-01,27.4,27.35,NA,NA,46.282477156596116,NA,46.282477156596116,0.998175182481752,46.19802008149284
1956-10-01,27.5,27.51,NA,NA,46.45139130680268,NA,46.45139130680268,1.0003636363636363,46.46828272182333
1956-11-01,27.5,27.51,NA,NA,46.45139130680268,NA,46.45139130680268,1.0003636363636363,46.46828272182333
1956-12-01,27.6,27.63,NA,NA,46.62030545700924,NA,46.62030545700924,1.001086956521739,46.6709797020712
1957-01-01,27.6,27.67,NA,NA,46.62030545700924,NA,46.62030545700924,1.002536231884058,46.73854536215383
1957-02-01,27.7,27.8,NA,NA,46.789219607215784,NA,46.789219607215784,1.0036101083032491,46.958133757422345
1957-03-01,27.8,27.86,NA,NA,46.958133757422345,NA,46.958133757422345,1.0021582733812948,47.05948224754627
1957-04-01,27.9,27.93,NA,NA,47.1270479076289,NA,47.1270479076289,1.0010752688172044,47.17772215269087
1957-05-01,28,28,NA,NA,47.29596205783545,NA,47.29596205783545,1,47.29596205783545
1957-06-01,28.1,28.11,NA,NA,47.464876208042014,NA,47.464876208042014,1.000355871886121,47.481767623062666
1957-07-01,28.3,28.19,NA,NA,47.80270450845512,NA,47.80270450845512,0.996113074204947,47.61689894322791
1957-08-01,28.3,28.28,NA,NA,47.80270450845512,NA,47.80270450845512,0.9992932862190813,47.76892167841381
1957-09-01,28.3,28.32,NA,NA,47.80270450845512,NA,47.80270450845512,1.0007067137809187,47.83648733849643
1957-10-01,28.3,28.32,NA,NA,47.80270450845512,NA,47.80270450845512,1.0007067137809187,47.83648733849643
1957-11-01,28.4,28.41,NA,NA,47.971618658661676,NA,47.971618658661676,1.0003521126760564,47.988510073682335
1957-12-01,28.4,28.47,NA,NA,47.971618658661676,NA,47.971618658661676,1.0024647887323943,48.08985856380626
1958-01-01,28.6,28.64,NA,NA,48.30944695907479,NA,48.30944695907479,1.0013986013986014,48.37701261915741
1958-02-01,28.6,28.7,NA,NA,48.30944695907479,NA,48.30944695907479,1.0034965034965033,48.47836110928134
1958-03-01,28.8,28.87,NA,NA,48.64727525948789,NA,48.64727525948789,1.0024305555555555,48.765515164632475
1958-04-01,28.9,28.94,NA,NA,48.816189409694445,NA,48.816189409694445,1.0013840830449827,48.88375506977707
1958-05-01,28.9,28.94,NA,NA,48.816189409694445,NA,48.816189409694445,1.0013840830449827,48.88375506977707
1958-06-01,28.9,28.91,NA,NA,48.816189409694445,NA,48.816189409694445,1.0003460207612458,48.833080824715104
1958-07-01,29,28.89,NA,NA,48.985103559901006,NA,48.985103559901006,0.9962068965517241,48.79929799467379
1958-08-01,28.9,28.94,NA,NA,48.816189409694445,NA,48.816189409694445,1.0013840830449827,48.88375506977707
1958-09-01,28.9,28.91,NA,NA,48.816189409694445,NA,48.816189409694445,1.0003460207612458,48.833080824715104
1958-10-01,28.9,28.91,NA,NA,48.816189409694445,NA,48.816189409694445,1.0003460207612458,48.833080824715104
1958-11-01,29,28.95,NA,NA,48.985103559901006,NA,48.985103559901006,0.9982758620689655,48.900646484797726
1958-12-01,28.9,28.97,NA,NA,48.816189409694445,NA,48.816189409694445,1.0024221453287196,48.93442931483903
1959-01-01,29,29.01,NA,NA,48.985103559901006,NA,48.985103559901006,1.000344827586207,49.001994974921665
1959-02-01,28.9,29,NA,NA,48.816189409694445,NA,48.816189409694445,1.0034602076124568,48.985103559901006
1959-03-01,28.9,28.97,NA,NA,48.816189409694445,NA,48.816189409694445,1.0024221453287196,48.93442931483903
1959-04-01,29,28.98,NA,NA,48.985103559901006,NA,48.985103559901006,0.9993103448275862,48.951320729859695
1959-05-01,29,29.04,NA,NA,48.985103559901006,NA,48.985103559901006,1.0013793103448276,49.05266921998363
1959-06-01,29.1,29.11,NA,NA,49.15401771010756,NA,49.15401771010756,1.0003436426116838,49.17090912512822
1959-07-01,29.2,29.15,NA,NA,49.322931860314114,NA,49.322931860314114,0.99828767123287665,49.23847478521083
1959-08-01,29.2,29.18,NA,NA,49.322931860314114,NA,49.322931860314114,0.9993150684931507,49.2891490302728
1959-09-01,29.3,29.25,NA,NA,49.491846010520675,NA,49.491846010520675,0.9982935153583617,49.407388935417394
1959-10-01,29.4,29.35,NA,NA,49.66076016072722,NA,49.66076016072722,0.9982993197278912,49.57630308562395
1959-11-01,29.4,29.35,NA,NA,49.66076016072722,NA,49.66076016072722,0.9982993197278912,49.57630308562395
1959-12-01,29.4,29.41,NA,NA,49.66076016072722,NA,49.66076016072722,1.0003401360544217,49.67765157574787
1960-01-01,29.3,29.37,NA,NA,49.491846010520675,NA,49.491846010520675,1.0023890784982936,49.610085915665266
1960-02-01,29.4,29.41,NA,NA,49.66076016072722,NA,49.66076016072722,1.0003401360544217,49.67765157574787
1960-03-01,29.4,29.41,NA,NA,49.66076016072722,NA,49.66076016072722,1.0003401360544217,49.67765157574787
1960-04-01,29.5,29.54,NA,NA,49.82967431093378,NA,49.82967431093378,1.0013559322033898,49.897239971016404
1960-05-01,29.5,29.57,NA,NA,49.82967431093378,NA,49.82967431093378,1.0023728813559323,49.947914216078374
1960-06-01,29.6,29.61,NA,NA,49.99858846114034,NA,49.99858846114034,1.0003378378378378,50.015479876160995
1960-07-01,29.6,29.55,NA,NA,49.99858846114034,NA,49.99858846114034,0.9983108108108107,49.91413138603706
1960-08-01,29.6,29.61,NA,NA,49.99858846114034,NA,49.99858846114034,1.0003378378378378,50.015479876160995
1960-09-01,29.6,29.61,NA,NA,49.99858846114034,NA,49.99858846114034,1.0003378378378378,50.015479876160995
1960-10-01,29.8,29.75,NA,NA,50.33641676155345,NA,50.33641676155345,0.9983221476510067,50.25195968645017
1960-11-01,29.8,29.78,NA,NA,50.33641676155345,NA,50.33641676155345,0.9993288590604027,50.30263393151214
1960-12-01,29.8,29.81,NA,NA,50.33641676155345,NA,50.33641676155345,1.0003355704697985,50.353308176574096
1961-01-01,29.8,29.84,NA,NA,50.33641676155345,NA,50.33641676155345,1.0013422818791946,50.40398242163607
1961-02-01,29.8,29.84,NA,NA,50.33641676155345,NA,50.33641676155345,1.0013422818791946,50.40398242163607
1961-03-01,29.8,29.84,NA,NA,50.33641676155345,NA,50.33641676155345,1.0013422818791946,50.40398242163607
1961-04-01,29.8,29.81,NA,NA,50.33641676155345,NA,50.33641676155345,1.0003355704697985,50.353308176574096
1961-05-01,29.8,29.84,NA,NA,50.33641676155345,NA,50.33641676155345,1.0013422818791946,50.40398242163607
1961-06-01,29.8,29.84,NA,NA,50.33641676155345,NA,50.33641676155345,1.0013422818791946,50.40398242163607
1961-07-01,30,29.92,NA,NA,50.67424506196656,NA,50.67424506196656,0.9973333333333334,50.539113741801316
1961-08-01,29.9,29.94,NA,NA,50.505330911760005,NA,50.505330911760005,1.0013377926421405,50.57289657184263
1961-09-01,30,29.98,NA,NA,50.67424506196656,NA,50.67424506196656,0.9993333333333333,50.64046223192525
1961-10-01,30,29.98,NA,NA,50.67424506196656,NA,50.67424506196656,0.9993333333333333,50.64046223192525
1961-11-01,30,29.98,NA,NA,50.67424506196656,NA,50.67424506196656,0.9993333333333333,50.64046223192525
1961-12-01,30,30.01,NA,NA,50.67424506196656,NA,50.67424506196656,1.0003333333333333,50.69113647698721
1962-01-01,30,30.04,NA,NA,50.67424506196656,NA,50.67424506196656,1.0013333333333334,50.74181072204919
1962-02-01,30.1,30.11,NA,NA,50.84315921217312,NA,50.84315921217312,1.0003322259136211,50.86005062719377
1962-03-01,30.1,30.17,NA,NA,50.84315921217312,NA,50.84315921217312,1.0023255813953489,50.96139911731771
1962-04-01,30.2,30.21,NA,NA,51.012073362379674,NA,51.012073362379674,1.0003311258278147,51.02896477740033
1962-05-01,30.2,30.24,NA,NA,51.012073362379674,NA,51.012073362379674,1.0013245033112583,51.079639022462295
1962-06-01,30.2,30.21,NA,NA,51.012073362379674,NA,51.012073362379674,1.0003311258278147,51.02896477740033
1962-07-01,30.3,30.22,NA,NA,51.18098751258623,NA,51.18098751258623,0.9973597359735973,51.04585619242098
1962-08-01,30.3,30.28,NA,NA,51.18098751258623,NA,51.18098751258623,0.9993399339933994,51.14720468254492
1962-09-01,30.4,30.42,NA,NA,51.349901662792774,NA,51.349901662792774,1.0006578947368423,51.38368449283409
1962-10-01,30.4,30.38,NA,NA,51.349901662792774,NA,51.349901662792774,0.9993421052631579,51.316118832751464
1962-11-01,30.4,30.38,NA,NA,51.349901662792774,NA,51.349901662792774,0.9993421052631579,51.316118832751464
1962-12-01,30.4,30.38,NA,NA,51.349901662792774,NA,51.349901662792774,0.9993421052631579,51.316118832751464
1963-01-01,30.4,30.44,NA,NA,51.349901662792774,NA,51.349901662792774,1.0013157894736844,51.4174673228754
1963-02-01,30.4,30.48,NA,NA,51.349901662792774,NA,51.349901662792774,1.0026315789473685,51.485032982958025
1963-03-01,30.5,30.51,NA,NA,51.51881581299933,NA,51.51881581299933,1.000327868852459,51.53570722801999
1963-04-01,30.5,30.48,NA,NA,51.51881581299933,NA,51.51881581299933,0.999344262295082,51.48503298295802
1963-05-01,30.5,30.51,NA,NA,51.51881581299933,NA,51.51881581299933,1.000327868852459,51.53570722801999
1963-06-01,30.6,30.61,NA,NA,51.68772996320589,NA,51.68772996320589,1.000326797385621,51.70462137822655
1963-07-01,30.7,30.69,NA,NA,51.85664411341244,NA,51.85664411341244,0.9996742671009773,51.83975269839179
1963-08-01,30.7,30.75,NA,NA,51.85664411341244,NA,51.85664411341244,1.001628664495114,51.941101188515724
1963-09-01,30.7,30.72,NA,NA,51.85664411341244,NA,51.85664411341244,1.0006514657980456,51.890426943453754
1963-10-01,30.8,30.75,NA,NA,52.025558263619,NA,52.025558263619,0.9983766233766234,51.94110118851572
1963-11-01,30.8,30.78,NA,NA,52.025558263619,NA,52.025558263619,0.9993506493506493,51.991775433577686
1963-12-01,30.9,30.88,NA,NA,52.19447241382555,NA,52.19447241382555,0.9993527508090615,52.16068958378424
1964-01-01,30.9,30.94,NA,NA,52.19447241382555,NA,52.19447241382555,1.001294498381877,52.26203807390817
1964-02-01,30.9,30.91,NA,NA,52.19447241382555,NA,52.19447241382555,1.0003236245954692,52.2113638288462
1964-03-01,30.9,30.94,NA,NA,52.19447241382555,NA,52.19447241382555,1.001294498381877,52.26203807390817
1964-04-01,30.9,30.95,NA,NA,52.19447241382555,NA,52.19447241382555,1.0016181229773462,52.278929488928824
1964-05-01,30.9,30.98,NA,NA,52.19447241382555,NA,52.19447241382555,1.002588996763754,52.329603733990794
1964-06-01,31,31.01,NA,NA,52.36338656403211,NA,52.36338656403211,1.0003225806451614,52.38027797905278
1964-07-01,31.1,31.02,NA,NA,52.532300714238666,NA,52.532300714238666,0.997427652733119,52.39716939407342
1964-08-01,31,31.05,NA,NA,52.36338656403211,NA,52.36338656403211,1.0016129032258065,52.44784363913539
1964-09-01,31.1,31.08,NA,NA,52.532300714238666,NA,52.532300714238666,0.9993569131832797,52.498517884197355
1964-10-01,31.1,31.12,NA,NA,52.532300714238666,NA,52.532300714238666,1.0006430868167202,52.56608354427998
1964-11-01,31.2,31.21,NA,NA,52.70121486444522,NA,52.70121486444522,1.0003205128205128,52.71810627946588
1964-12-01,31.2,31.25,NA,NA,52.70121486444522,NA,52.70121486444522,1.001602564102564,52.7856719395485
1965-01-01,31.2,31.28,NA,NA,52.70121486444522,NA,52.70121486444522,1.0025641025641026,52.83634618461046
1965-02-01,31.2,31.28,NA,NA,52.70121486444522,NA,52.70121486444522,1.0025641025641026,52.83634618461046
1965-03-01,31.3,31.31,NA,NA,52.87012901465178,NA,52.87012901465178,1.0003194888178912,52.887020429672425
1965-04-01,31.4,31.38,NA,NA,53.03904316485833,NA,53.03904316485833,0.9993630573248408,53.00526033481702
1965-05-01,31.4,31.48,NA,NA,53.03904316485833,NA,53.03904316485833,1.002547770700637,53.17417448502357
1965-06-01,31.6,31.61,NA,NA,53.37687146527145,NA,53.37687146527145,1.0003164556962025,53.39376288029211
1965-07-01,31.6,31.58,NA,NA,53.37687146527145,NA,53.37687146527145,0.9993670886075948,53.34308863523013
1965-08-01,31.6,31.55,NA,NA,53.37687146527145,NA,53.37687146527145,0.9984177215189873,53.29241439016817
1965-09-01,31.6,31.62,NA,NA,53.37687146527145,NA,53.37687146527145,1.000632911392405,53.41065429531276
1965-10-01,31.7,31.65,NA,NA,53.545785615477996,NA,53.545785615477996,0.998422712933754,53.461328540374716
1965-11-01,31.7,31.75,NA,NA,53.545785615477996,NA,53.545785615477996,1.001577287066246,53.63024269058128
1965-12-01,31.8,31.85,NA,NA,53.71469976568456,NA,53.71469976568456,1.001572327044025,53.79915684078783
1966-01-01,31.8,31.88,NA,NA,53.71469976568456,NA,53.71469976568456,1.0025157232704403,53.8498310858498
1966-02-01,32,32.08,NA,NA,54.052528066097665,NA,54.052528066097665,1.0025,54.18765938626291
1966-03-01,32.1,32.18,NA,NA,54.22144221630422,NA,54.22144221630422,1.0024922118380062,54.35657353646946
1966-04-01,32.3,32.28,NA,NA,54.55927051671732,NA,54.55927051671732,0.9993808049535605,54.525487686676016
1966-05-01,32.3,32.35,NA,NA,54.55927051671732,NA,54.55927051671732,1.0015479876160993,54.64372759182061
1966-06-01,32.4,32.38,NA,NA,54.72818466692388,NA,54.72818466692388,0.9993827160493829,54.69440183688258
1966-07-01,32.5,32.45,NA,NA,54.897098817130434,NA,54.897098817130434,0.9984615384615385,54.81264174202716
1966-08-01,32.7,32.65,NA,NA,55.234927117543556,NA,55.234927117543556,0.9984709480122322,55.15047004244027
1966-09-01,32.7,32.75,NA,NA,55.234927117543556,NA,55.234927117543556,1.0015290519877675,55.31938419264683
1966-10-01,32.9,32.85,NA,NA,55.57275541795666,NA,55.57275541795666,0.9984802431610943,55.48829834285338
1966-11-01,32.9,32.88,NA,NA,55.57275541795666,NA,55.57275541795666,0.9993920972644378,55.53897258791535
1966-12-01,32.9,32.92,NA,NA,55.57275541795666,NA,55.57275541795666,1.0006079027355623,55.60653824799797
1967-01-01,32.9,32.9,55.57275541795666,NA,55.57275541795666,NA,55.57275541795666,1,55.57275541795666
1967-02-01,32.9,33,55.57275541795666,NA,NA,NA,55.57275541795666,1.0030395136778116,55.74166956816322
1967-03-01,33,33,55.72755417956656,NA,NA,NA,55.72755417956656,1,55.72755417956656
1967-04-01,33.1,33.1,55.72755417956656,NA,NA,NA,55.72755417956656,1,55.72755417956656
1967-05-01,33.2,33.1,56.03715170278639,NA,NA,NA,56.03715170278639,0.9969879518072289,55.86836510127197
1967-06-01,33.3,33.3,56.19195046439629,NA,NA,NA,56.19195046439629,1,56.19195046439629
1967-07-01,33.4,33.4,56.346749226006196,NA,NA,NA,56.346749226006196,1,56.346749226006196
1967-08-01,33.5,33.5,56.50154798761611,NA,NA,NA,56.50154798761611,1,56.50154798761611
1967-09-01,33.6,33.6,56.65634674922602,NA,NA,NA,56.65634674922602,1,56.65634674922602
1967-10-01,33.7,33.7,56.81114551083593,NA,NA,NA,56.81114551083593,1,56.81114551083593
1967-11-01,33.8,33.9,56.965944272445824,NA,NA,NA,56.965944272445824,1.002958579881657,57.13448256910987
1967-12-01,33.9,34,57.120743034055735,NA,NA,NA,57.120743034055735,1.0029498525073748,57.289240801117856
1968-01-01,34.1,34.1,57.27554179566564,NA,NA,NA,57.27554179566564,1,57.27554179566564
1968-02-01,34.2,34.2,57.43034055727555,NA,NA,NA,57.43034055727555,1,57.43034055727555
1968-03-01,34.3,34.3,57.73993808049536,NA,NA,NA,57.73993808049536,1,57.73993808049536
1968-04-01,34.4,34.4,57.89473684210527,NA,NA,NA,57.89473684210527,1,57.89473684210527
1968-05-01,34.5,34.5,58.04953560371517,NA,NA,NA,58.04953560371517,1,58.04953560371517
1968-06-01,34.7,34.7,58.20433436532508,NA,NA,NA,58.20433436532508,1,58.20433436532508
1968-07-01,34.9,34.9,58.51393188854489,NA,NA,NA,58.51393188854489,1,58.51393188854489
1968-08-01,35,35,58.6687306501548,NA,NA,NA,58.6687306501548,1,58.6687306501548
1968-09-01,35.1,35.1,58.82352941176471,NA,NA,NA,58.82352941176471,1,58.82352941176471
1968-10-01,35.3,35.3,59.133126934984524,NA,NA,NA,59.133126934984524,1,59.133126934984524
1968-11-01,35.4,35.4,59.28792569659442,NA,NA,NA,59.28792569659442,1,59.28792569659442
1968-12-01,35.5,35.6,59.28792569659442,NA,NA,NA,59.28792569659442,1.0028169014084507,59.454933937993275
1969-01-01,35.6,35.7,59.44272445820433,NA,NA,NA,59.44272445820433,1.002808988764045,59.609698403311654
1969-02-01,35.8,35.8,59.75232198142416,NA,NA,NA,59.75232198142416,1,59.75232198142416
1969-03-01,36.1,36.1,60.06191950464397,NA,NA,NA,60.06191950464397,1,60.06191950464397
1969-04-01,36.3,36.3,60.37151702786379,NA,NA,NA,60.37151702786379,1,60.37151702786379
1969-05-01,36.4,36.4,60.52631578947369,NA,NA,NA,60.52631578947369,1,60.52631578947369
1969-06-01,36.6,36.6,60.99071207430341,NA,NA,NA,60.99071207430341,1,60.99071207430341
1969-07-01,36.8,36.8,61.14551083591332,NA,NA,NA,61.14551083591332,1,61.14551083591332
1969-08-01,37,36.9,61.30030959752323,NA,NA,NA,61.30030959752323,0.9972972972972972,61.13463308509749
1969-09-01,37.1,37.1,61.60990712074303,NA,NA,NA,61.60990712074303,1,61.60990712074303
1969-10-01,37.3,37.3,61.76470588235294,NA,NA,NA,61.76470588235294,1,61.76470588235294
1969-11-01,37.5,37.5,62.07430340557276,NA,NA,NA,62.07430340557276,1,62.07430340557276
1969-12-01,37.7,37.7,62.38390092879257,NA,NA,NA,62.38390092879257,1,62.38390092879257
1970-01-01,37.8,37.9,62.538699690402474,NA,NA,NA,62.538699690402474,1.0026455026455028,62.70414598587974
1970-02-01,38,38.1,62.848297213622295,NA,NA,NA,62.848297213622295,1.0026315789473685,63.013687469447625
1970-03-01,38.2,38.3,63.003095975232206,NA,NA,NA,63.003095975232206,1.0026178010471203,63.16802554584799
1970-04-01,38.5,38.5,63.46749226006192,NA,NA,NA,63.46749226006192,1,63.46749226006192
1970-05-01,38.6,38.6,63.62229102167184,NA,NA,NA,63.62229102167184,1,63.62229102167184
1970-06-01,38.8,38.8,63.777089783281745,NA,NA,NA,63.777089783281745,1,63.777089783281745
1970-07-01,39,38.9,64.08668730650156,NA,NA,NA,64.08668730650156,0.9974358974358974,63.92236246725412
1970-08-01,39,39,64.24148606811147,NA,NA,NA,64.24148606811147,1,64.24148606811147
1970-09-01,39.2,39.2,64.39628482972137,NA,NA,NA,64.39628482972137,1,64.39628482972137
1970-10-01,39.4,39.4,64.70588235294117,NA,NA,NA,64.70588235294117,1,64.70588235294117
1970-11-01,39.6,39.6,65.015479876161,NA,NA,NA,65.015479876161,1,65.015479876161
1970-12-01,39.8,39.8,65.32507739938082,NA,NA,NA,65.32507739938082,1,65.32507739938082
1971-01-01,39.8,39.9,65.32507739938082,NA,NA,NA,65.32507739938082,1.0025125628140703,65.48921075968076
1971-02-01,39.9,39.9,65.63467492260062,NA,NA,NA,65.63467492260062,1,65.63467492260062
1971-03-01,40,40,65.94427244582045,NA,NA,NA,65.94427244582045,1,65.94427244582045
1971-04-01,40.1,40.1,66.25386996904025,NA,NA,NA,66.25386996904025,1,66.25386996904025
1971-05-01,40.3,40.3,66.56346749226006,NA,NA,NA,66.56346749226006,1,66.56346749226006
1971-06-01,40.6,40.5,66.87306501547988,NA,NA,NA,66.87306501547988,0.9975369458128078,66.70835303268314
1971-07-01,40.7,40.6,67.02786377708978,NA,NA,NA,67.02786377708978,0.9975429975429975,66.86317615110184
1971-08-01,40.8,40.7,67.02786377708978,NA,NA,NA,67.02786377708978,0.9975490196078433,66.86357979724397
1971-09-01,40.8,40.8,67.18266253869969,NA,NA,NA,67.18266253869969,1,67.18266253869969
1971-10-01,40.9,40.9,67.33746130030961,NA,NA,NA,67.33746130030961,1,67.33746130030961
1971-11-01,40.9,41,67.33746130030961,NA,NA,NA,67.33746130030961,1.0024449877750612,67.50210056999252
1971-12-01,41.1,41.1,67.49226006191952,NA,NA,NA,67.49226006191952,1,67.49226006191952
1972-01-01,41.1,41.2,67.64705882352942,NA,NA,NA,67.64705882352942,1.002433090024331,67.81165020752829
1972-02-01,41.3,41.4,67.95665634674923,NA,NA,NA,67.95665634674923,1.0024213075060533,68.12120030884789
1972-03-01,41.4,41.4,68.11145510835914,NA,NA,NA,68.11145510835914,1,68.11145510835914
1972-04-01,41.5,41.5,68.26625386996905,NA,NA,NA,68.26625386996905,1,68.26625386996905
1972-05-01,41.6,41.6,68.42105263157896,NA,NA,NA,68.42105263157896,1,68.42105263157896
1972-06-01,41.7,41.7,68.73065015479877,NA,NA,NA,68.73065015479877,1,68.73065015479877
1972-07-01,41.9,41.8,68.73065015479877,NA,NA,NA,68.73065015479877,0.9976133651551312,68.56661519022883
1972-08-01,42,41.9,68.88544891640868,NA,NA,NA,68.88544891640868,0.9976190476190476,68.72143594279818
1972-09-01,42.1,42.1,69.1950464396285,NA,NA,NA,69.1950464396285,1,69.1950464396285
1972-10-01,42.3,42.2,69.3498452012384,NA,NA,NA,69.3498452012384,0.9976359338061467,69.18589757664918
1972-11-01,42.4,42.4,69.65944272445822,NA,NA,NA,69.65944272445822,1,69.65944272445822
1972-12-01,42.5,42.5,69.81424148606811,NA,NA,NA,69.81424148606811,1,69.81424148606811
1973-01-01,42.6,42.7,70.12383900928792,NA,NA,NA,70.12383900928792,1.0023474178403755,70.28844896001394
1973-02-01,42.9,43,70.58823529411765,NA,NA,NA,70.58823529411765,1.0023310023310024,70.75277663512958
1973-03-01,43.3,43.4,71.36222910216719,NA,NA,NA,71.36222910216719,1.002309468822171,71.52703794535927
1973-04-01,43.6,43.7,71.82662538699691,NA,NA,NA,71.82662538699691,1.0022935779816513,71.99136535348084
1973-05-01,43.9,43.9,72.29102167182664,NA,NA,NA,72.29102167182664,1,72.29102167182664
1973-06-01,44.2,44.2,72.75541795665636,NA,NA,NA,72.75541795665636,1,72.75541795665636
1973-07-01,44.3,44.2,72.91021671826627,NA,NA,NA,72.91021671826627,0.997742663656885,72.74563383628374
1973-08-01,45.1,45,74.14860681114551,NA,NA,NA,74.14860681114551,0.9977827050997783,73.98419748340461
1973-09-01,45.2,45.2,74.30340557275542,NA,NA,NA,74.30340557275542,1,74.30340557275542
1973-10-01,45.6,45.6,74.76780185758514,NA,NA,NA,74.76780185758514,1,74.76780185758514
1973-11-01,45.9,45.9,75.23219814241487,NA,NA,NA,75.23219814241487,1,75.23219814241487
1973-12-01,46.2,46.3,75.69659442724459,NA,NA,NA,75.69659442724459,1.002164502164502,75.8604398697278
1974-01-01,46.6,46.8,76.31578947368422,NA,NA,NA,76.31578947368422,1.004291845493562,76.64332505082449
1974-02-01,47.2,47.3,77.39938080495357,NA,NA,NA,77.39938080495357,1.0021186440677965,77.56336254394711
1974-03-01,47.8,47.8,78.1733746130031,NA,NA,NA,78.1733746130031,1,78.1733746130031
1974-04-01,48,48.1,78.63777089783281,NA,NA,NA,78.63777089783281,1.0020833333333334,78.8015995872033
1974-05-01,48.6,48.6,79.41176470588236,NA,NA,NA,79.41176470588236,1,79.41176470588236
1974-06-01,49,49,80.03095975232199,NA,NA,NA,80.03095975232199,1,80.03095975232199
1974-07-01,49.4,49.3,80.49535603715171,NA,NA,NA,80.49535603715171,0.9979757085020242,80.33240997229917
1974-08-01,50,49.9,81.42414860681116,NA,NA,NA,81.42414860681116,0.998,81.26130030959753
1974-09-01,50.6,50.6,82.3529411764706,NA,NA,NA,82.3529411764706,1,82.3529411764706
1974-10-01,51.1,51,82.97213622291024,NA,NA,NA,82.97213622291024,0.9980430528375733,82.80976413636833
1974-11-01,51.5,51.5,83.59133126934985,NA,NA,NA,83.59133126934985,1,83.59133126934985
1974-12-01,51.9,51.9,84.05572755417957,NA,NA,NA,84.05572755417957,1,84.05572755417957
1975-01-01,52.1,52.3,84.36532507739939,NA,NA,NA,84.36532507739939,1.00383877159309,84.68918429074833
1975-02-01,52.5,52.6,84.82972136222911,NA,NA,NA,84.82972136222911,1.0019047619047619,84.99130178387145
1975-03-01,52.7,52.8,85.13931888544892,NA,NA,NA,85.13931888544892,1.001897533206831,85.30087357024102
1975-04-01,52.9,53,85.60371517027863,NA,NA,NA,85.60371517027863,1.001890359168242,85.76553693808634
1975-05-01,53.2,53.1,85.91331269349845,NA,NA,NA,85.91331269349845,0.9981203007518796,85.75182150422495
1975-06-01,53.6,53.5,86.687306501548,NA,NA,NA,86.687306501548,0.9981343283582089,86.5255764521048
1975-07-01,54.2,54,87.46130030959753,NA,NA,NA,87.46130030959753,0.9963099630996309,87.13856488410086
1975-08-01,54.3,54.2,87.92569659442725,NA,NA,NA,87.92569659442725,0.9981583793738491,87.76377081801027
1975-09-01,54.6,54.6,88.23529411764707,NA,NA,NA,88.23529411764707,1,88.23529411764707
1975-10-01,54.9,54.9,88.69969040247679,NA,NA,NA,88.69969040247679,1,88.69969040247679
1975-11-01,55.3,55.3,89.16408668730651,NA,NA,NA,89.16408668730651,1,89.16408668730651
1975-12-01,55.5,55.6,89.62848297213623,NA,NA,NA,89.62848297213623,1.0018018018018018,89.78997573424819
1976-01-01,55.6,55.8,89.78328173374614,NA,NA,NA,89.78328173374614,1.0035971223021583,90.10624317883155
1976-02-01,55.8,55.9,90.09287925696596,NA,NA,NA,90.09287925696596,1.0017921146953406,90.25433602982791
1976-03-01,55.9,56,90.40247678018576,NA,NA,NA,90.40247678018576,1.001788908765653,90.56419856333459
1976-04-01,56.1,56.1,90.71207430340559,NA,NA,NA,90.71207430340559,1,90.71207430340559
1976-05-01,56.5,56.4,91.33126934984521,NA,NA,NA,91.33126934984521,0.9982300884955752,91.1696210855092
1976-06-01,56.8,56.7,91.79566563467493,NA,NA,NA,91.79566563467493,0.9982394366197184,91.63405354728995
1976-07-01,57.1,57,92.26006191950465,NA,NA,NA,92.26006191950465,0.9982486865148862,92.09848562892759
1976-08-01,57.4,57.3,92.72445820433437,NA,NA,NA,92.72445820433437,0.9982578397212544,92.56291733638257
1976-09-01,57.6,57.6,93.03405572755419,NA,NA,NA,93.03405572755419,1,93.03405572755419
1976-10-01,57.9,57.9,93.49845201238391,NA,NA,NA,93.49845201238391,1,93.49845201238391
1976-11-01,58,58.1,93.80804953560371,NA,NA,NA,93.80804953560371,1.0017241379310344,93.96978755204441
1976-12-01,58.2,58.4,94.11764705882352,NA,NA,NA,94.11764705882352,1.0034364261168385,94.44107539923185
1977-01-01,58.5,58.7,94.73684210526318,NA,NA,NA,94.73684210526318,1.0034188034188034,95.0607287449393
1977-02-01,59.1,59.3,95.6656346749226,NA,NA,NA,95.6656346749226,1.003384094754653,95.98937624742656
1977-03-01,59.5,59.6,96.13003095975233,NA,NA,NA,96.13003095975233,1.0016806722689076,96.29159403699562
1977-04-01,60,60,96.90402476780187,NA,NA,NA,96.90402476780187,1,96.90402476780187
1977-05-01,60.3,60.2,97.36842105263158,NA,NA,NA,97.36842105263158,0.998341625207297,97.2069477175526
1977-06-01,60.7,60.5,97.9876160990712,NA,NA,NA,97.9876160990712,0.9967051070840197,97.66475739693257
1977-07-01,61,60.8,98.29721362229104,NA,NA,NA,98.29721362229104,0.9967213114754098,97.97492767598844
1977-08-01,61.2,61.1,98.76160990712076,NA,NA,NA,98.76160990712076,0.9983660130718954,98.60023472753396
1977-09-01,61.4,61.3,98.91640866873065,NA,NA,NA,98.91640866873065,0.998371335504886,98.7553070259477
1977-10-01,61.6,61.6,99.22600619195046,NA,NA,NA,99.22600619195046,1,99.22600619195046
1977-11-01,61.9,62,99.6904024767802,NA,NA,NA,99.6904024767802,1.001615508885299,99.85145320776047
1977-12-01,62.1,62.3,100,100,NA,NA,100,1.003220611916264,100.3220611916264
1978-01-01,62.5,62.7,100.61919504643964,100.5,NA,NA,100.5,1.0032,100.8216
1978-02-01,62.9,63,101.23839009287927,101.1,NA,NA,101.1,1.001589825119237,101.26073131955485
1978-03-01,63.4,63.4,101.85758513931889,101.8,NA,NA,101.8,1,101.8
1978-04-01,63.9,63.9,102.78637770897834,102.7,NA,NA,102.7,1,102.7
1978-05-01,64.5,64.5,103.71517027863777,103.6,NA,NA,103.6,1,103.6
1978-06-01,65.2,65,104.64396284829722,104.5,NA,NA,104.5,0.9969325153374232,104.17944785276073
1978-07-01,65.7,65.5,105.10835913312695,105,NA,NA,105,0.9969558599695586,104.68036529680366
1978-08-01,66,65.9,105.57275541795667,105.5,NA,NA,105.5,0.9984848484848485,105.34015151515152
1978-09-01,66.5,66.5,106.19195046439629,106.1,NA,NA,106.1,1,106.1
1978-10-01,67.1,67.1,106.81114551083593,106.7,NA,NA,106.7,1,106.7
1978-11-01,67.4,67.5,107.43034055727556,107.3,NA,NA,107.3,1.0014836795252224,107.45919881305636
1978-12-01,67.7,67.9,108.04953560371517,107.8,NA,NA,107.8,1.0029542097488922,108.11846381093058
1979-01-01,68.3,68.5,108.82352941176472,108.7,NA,NA,108.7,1.0029282576866765,109.01830161054174
1979-02-01,69.1,69.2,109.90712074303406,109.7,NA,NA,109.7,1.0014471780028944,109.85875542691751
1979-03-01,69.8,69.9,110.83591331269349,110.7,NA,NA,110.7,1.001432664756447,110.8585959885387
1979-04-01,70.6,70.6,111.91950464396285,111.8,NA,NA,111.8,1,111.8
1979-05-01,71.5,71.4,113.1578947368421,113,NA,NA,113,0.9986013986013986,112.84195804195805
1979-06-01,72.3,72.2,114.39628482972137,114.1,NA,NA,114.1,0.9986168741355465,113.94218533886584
1979-07-01,73.1,73,115.3250773993808,115.1,NA,NA,115.1,0.9986320109439125,114.94254445964432
1979-08-01,73.8,73.7,116.25386996904025,116,NA,NA,116,0.9986449864498645,115.84281842818429
1979-09-01,74.6,74.4,117.18266253869972,117.1,NA,NA,117.1,0.997319034852547,116.78605898123325
1979-10-01,75.2,75.2,118.11145510835914,117.9,NA,NA,117.9,1,117.9
1979-11-01,75.9,76,118.73065015479878,118.5,NA,NA,118.5,1.0013175230566533,118.65612648221342
1979-12-01,76.7,76.9,119.65944272445822,119.5,NA,NA,119.5,1.0026075619295958,119.81160365058669
1980-01-01,77.8,78,121.05263157894738,120.8,NA,NA,120.8,1.0025706940874037,121.11053984575837
1980-02-01,78.9,79,122.60061919504646,122.4,NA,NA,122.4,1.0012674271229403,122.55513307984789
1980-03-01,80.1,80.1,124.14860681114553,123.8,NA,NA,123.8,1,123.8
1980-04-01,81,80.9,125.07739938080495,124.7,NA,NA,124.7,0.9987654320987654,124.54604938271605
1980-05-01,81.8,81.7,126.16099071207432,125.7,NA,NA,125.7,0.9987775061124695,125.54633251833742
1980-06-01,82.7,82.5,126.93498452012383,126.7,NA,NA,126.7,0.9975816203143894,126.39359129383314
1980-07-01,82.7,82.6,127.8637770897833,127.5,NA,NA,127.5,0.9987908101571946,127.34582829504231
1980-08-01,83.3,83.2,128.79256965944273,128.6,NA,NA,128.6,0.9987995198079233,128.44561824729894
1980-09-01,84,83.9,130.1857585139319,129.9,NA,NA,129.9,0.9988095238095239,129.74535714285716
1980-10-01,84.8,84.7,130.95975232198143,130.7,NA,NA,130.7,0.9988207547169812,130.54587264150942
1980-11-01,85.5,85.6,131.73374613003097,131.5,NA,NA,131.5,1.0011695906432747,131.65380116959062
1980-12-01,86.3,86.4,132.5077399380805,132.4,NA,NA,132.4,1.0011587485515645,132.55341830822715
1981-01-01,87,87.2,133.74613003095976,133.6,NA,NA,133.6,1.0022988505747126,133.9071264367816
1981-02-01,87.9,88,135.44891640866874,135.2,NA,NA,135.2,1.0011376564277588,135.35381114903296
1981-03-01,88.5,88.6,136.5325077399381,136.3,NA,NA,136.3,1.0011299435028247,136.45401129943502
1981-04-01,89.1,89.1,137.30650154798764,137.1,NA,NA,137.1,1,137.1
1981-05-01,89.8,89.7,138.23529411764704,137.9,NA,NA,137.9,0.9988864142538976,137.74643652561247
1981-06-01,90.6,90.5,139.0092879256966,138.7,NA,NA,138.7,0.9988962472406182,138.54690949227373
1981-07-01,91.6,91.5,140.09287925696597,139.7,NA,NA,139.7,0.9989082969432315,139.54748908296943
1981-08-01,92.3,92.2,141.0216718266254,140.7,NA,NA,140.7,0.9989165763813652,140.54756229685808
1981-09-01,93.2,93.1,142.26006191950466,141.8,NA,NA,141.8,0.9989270386266094,141.64785407725321
1981-10-01,93.4,93.4,142.87925696594428,142.4,NA,NA,142.4,1,142.4
1981-11-01,93.7,93.8,143.343653250774,142.9,NA,NA,142.9,1.0010672358591248,143.05250800426893
1981-12-01,94,94.1,143.80804953560374,143.4,NA,NA,143.4,1.001063829787234,143.55255319148938
1982-01-01,94.3,94.4,144.73684210526315,144.2,NA,NA,144.2,1.0010604453870626,144.3529162248144
1982-02-01,94.6,94.7,145.04643962848297,144.7,NA,NA,144.7,1.0010570824524314,144.8529598308668
1982-03-01,94.5,94.7,145.3560371517028,144.9,NA,NA,144.9,1.0021164021164022,145.20666666666668
1982-04-01,94.9,95,145.51083591331272,145,NA,NA,145,1.0010537407797682,145.15279241306638
1982-05-01,95.8,95.9,146.59442724458208,146.1,NA,NA,146.1,1.001043841336117,146.25250521920668
1982-06-01,97,97,147.9876160990712,147.5,NA,NA,147.5,1,147.5
1982-07-01,97.5,97.5,149.07120743034056,148.5,NA,NA,148.5,1,148.5
1982-08-01,97.7,97.7,149.38080495356039,148.8,NA,NA,148.8,1,148.8
1982-09-01,97.9,97.7,150.00000000000003,149.5,NA,NA,149.5,0.9979570990806945,149.19458631256384
1982-10-01,98.2,98.1,150.77399380804957,150.2,NA,NA,150.2,0.9989816700610997,150.04704684317716
1982-11-01,98,98,150.92879256965946,150.5,NA,NA,150.5,1,150.5
1982-12-01,97.6,97.7,151.08359133126936,150.6,NA,NA,150.6,1.0010245901639345,150.75430327868852
1983-01-01,97.8,97.9,NA,151,NA,NA,151,1.0010224948875257,151.1543967280164
1983-02-01,97.9,98,NA,151.1,NA,NA,151.1,1.0010214504596526,151.2543411644535
1983-03-01,97.9,98.1,NA,151.2,NA,NA,151.2,1.0020429009193053,151.50888661899896
1983-04-01,98.6,98.8,NA,152.4,NA,NA,152.4,1.002028397565923,152.70912778904668
1983-05-01,99.2,99.2,NA,153.2,NA,NA,153.2,1,153.2
1983-06-01,99.5,99.4,NA,153.7,NA,NA,153.7,0.9989949748743719,153.54552763819095
1983-07-01,99.9,99.8,NA,154.3,NA,NA,154.3,0.9989989989989989,154.14554554554553
1983-08-01,100.2,100.1,NA,154.8,NA,NA,154.8,0.9990019960079839,154.64550898203592
1983-09-01,100.7,100.4,NA,155.6,NA,NA,155.6,0.9970208540218471,155.13644488579942
1983-10-01,101,100.8,NA,156,NA,NA,156,0.998019801980198,155.6910891089109
1983-11-01,101.2,101.1,NA,156.2,NA,NA,156.2,0.9990118577075098,156.04565217391303
1983-12-01,101.3,101.4,NA,156.4,NA,NA,156.4,1.0009871668311945,156.55439289239882
1984-01-01,101.9,102.1,NA,157.2,NA,NA,157.2,1.001962708537782,157.5085377821393
1984-02-01,102.4,102.6,NA,158,NA,NA,158,1.0019531249999998,158.30859374999997
1984-03-01,102.6,102.9,NA,158.3,NA,NA,158.3,1.0029239766081872,158.76286549707604
1984-04-01,103.1,103.3,NA,159.1,NA,NA,159.1,1.0019398642095054,159.4086323957323
1984-05-01,103.4,103.5,NA,159.5,NA,NA,159.5,1.0009671179883946,159.65425531914894
1984-06-01,103.7,103.7,NA,160,NA,NA,160,1,160
1984-07-01,104.1,104.1,NA,160.5,NA,NA,160.5,1,160.5
1984-08-01,104.5,104.4,NA,161.1,NA,NA,161.1,0.999043062200957,160.94583732057416
1984-09-01,105,104.7,NA,161.8,NA,NA,161.8,0.9971428571428572,161.3377142857143
1984-10-01,105.3,105.1,NA,162.2,NA,NA,162.2,0.9981006647673314,161.89192782526115
1984-11-01,105.3,105.3,NA,162.2,NA,NA,162.2,1,162.2
1984-12-01,105.3,105.5,NA,162.4,NA,NA,162.4,1.0018993352326686,162.7084520417854
1985-01-01,105.5,105.7,NA,162.6,NA,NA,162.6,1.0018957345971564,162.90824644549764
1985-02-01,106,106.3,NA,163.2,NA,NA,163.2,1.0028301886792452,163.6618867924528
1985-03-01,106.4,106.8,NA,164,NA,NA,164,1.0037593984962405,164.61654135338344
1985-04-01,106.9,107,NA,164.6,NA,NA,164.6,1.000935453695042,164.75397567820391
1985-05-01,107.3,107.2,NA,165.3,NA,NA,165.3,0.9990680335507922,165.14594594594595
1985-06-01,107.6,107.5,NA,165.7,NA,NA,165.7,0.9990706319702602,165.5460037174721
1985-07-01,107.8,107.7,NA,166,NA,NA,166,0.9990723562152134,165.84601113172542
1985-08-01,108,107.9,NA,166.4,NA,NA,166.4,0.9990740740740741,166.24592592592595
1985-09-01,108.3,108.1,NA,166.9,NA,NA,166.9,0.9981532779316713,166.59178208679594
1985-10-01,108.7,108.5,NA,167.3,NA,NA,167.3,0.998160073597056,166.9921803127875
1985-11-01,109,109,NA,167.9,NA,NA,167.9,1,167.9
1985-12-01,109.3,109.5,NA,168.2,NA,NA,168.2,1.0018298261665142,168.50777676120768
1986-01-01,109.6,109.9,NA,168.7,NA,NA,168.7,1.0027372262773724,169.1617700729927
1986-02-01,109.3,109.7,NA,168.3,NA,NA,168.3,1.0036596523330283,168.9159194876487
1986-03-01,108.8,109.1,NA,167.5,NA,NA,167.5,1.0027573529411764,167.96185661764704
1986-04-01,108.6,108.7,NA,167.1,NA,NA,167.1,1.0009208103130756,167.25386740331493
1986-05-01,108.9,109,NA,167.6,NA,NA,167.6,1.0009182736455464,167.75390266299357
1986-06-01,109.5,109.4,NA,168.4,NA,NA,168.4,0.9990867579908677,168.2462100456621
1986-07-01,109.5,109.5,NA,168.4,NA,NA,168.4,1,168.4
1986-08-01,109.7,109.6,NA,168.7,NA,NA,168.7,0.999088422971741,168.5462169553327
1986-09-01,110.2,110,NA,169.6,NA,NA,169.6,0.9981851179673321,169.29219600725952
1986-10-01,110.3,110.2,NA,169.7,NA,NA,169.7,0.9990933816863101,169.54614687216682
1986-11-01,110.4,110.4,NA,169.7,NA,NA,169.7,1,169.7
1986-12-01,110.5,110.8,NA,169.9,NA,NA,169.9,1.0027149321266968,170.3612669683258
1987-01-01,111.2,111.4,NA,170.9,NA,NA,170.9,1.0017985611510791,171.20737410071942
1987-02-01,111.6,111.8,NA,171.5,NA,NA,171.5,1.0017921146953406,171.80734767025092
1987-03-01,112.1,112.2,NA,172.3,NA,NA,172.3,1.000892060660125,172.45370205173955
1987-04-01,112.7,112.7,NA,173.1,NA,NA,173.1,1,173.1
1987-05-01,113.1,113,NA,173.6,NA,NA,173.6,0.9991158267020337,173.44650751547303
1987-06-01,113.5,113.5,NA,174.3,NA,NA,174.3,1,174.3
1987-07-01,113.8,113.8,NA,174.6,NA,NA,174.6,1,174.6
1987-08-01,114.4,114.3,NA,175.5,NA,NA,175.5,0.9991258741258741,175.3465909090909
1987-09-01,115,114.7,NA,176.4,NA,NA,176.4,0.9973913043478261,175.93982608695651
1987-10-01,115.3,115,NA,176.7,NA,NA,176.7,0.997398091934085,176.2402428447528
1987-11-01,115.4,115.4,NA,176.9,NA,NA,176.9,1,176.9
1987-12-01,115.4,115.6,NA,176.7,NA,NA,176.7,1.001733102253033,177.0062391681109
1988-01-01,115.7,116,NA,177.2,NA,NA,177.2,1.0025929127052722,177.65946413137422
1988-02-01,116,116.2,NA,177.5,NA,NA,177.5,1.0017241379310344,177.8060344827586
1988-03-01,116.5,116.5,NA,178.3,NA,NA,178.3,1,178.3
1988-04-01,117.1,117.2,NA,179.1,NA,NA,179.1,1.0008539709649873,179.2529461998292
1988-05-01,117.5,117.5,NA,179.7,NA,NA,179.7,1,179.7
1988-06-01,118,118,NA,180.4,NA,NA,180.4,1,180.4
1988-07-01,118.5,118.5,NA,181.1,NA,NA,181.1,1,181.1
1988-08-01,119,119,NA,181.8,NA,NA,181.8,1,181.8
1988-09-01,119.8,119.5,NA,183,NA,NA,183,0.9974958263772955,182.54173622704508
1988-10-01,120.2,119.9,NA,183.4,NA,NA,183.4,0.997504159733777,182.9422628951747
1988-11-01,120.3,120.3,NA,183.6,NA,NA,183.6,1,183.6
1988-12-01,120.5,120.7,NA,183.7,NA,NA,183.7,1.0016597510373444,184.00489626556015
1989-01-01,121.1,121.2,NA,184.5,NA,NA,184.5,1.0008257638315443,184.65235342691992
1989-02-01,121.6,121.6,NA,185.2,NA,NA,185.2,1,185.2
1989-03-01,122.3,122.2,NA,186.2,NA,NA,186.2,0.9991823385118561,186.0477514309076
1989-04-01,123.1,123.1,NA,187.4,NA,NA,187.4,1,187.4
1989-05-01,123.8,123.7,NA,188.4,NA,NA,188.4,0.9991922455573506,188.24781906300487
1989-06-01,124.1,124.1,NA,188.8,NA,NA,188.8,1,188.8
1989-07-01,124.4,124.5,NA,189.3,NA,NA,189.3,1.0008038585209003,189.45217041800643
1989-08-01,124.6,124.5,NA,189.4,NA,NA,189.4,0.9991974317817015,189.24799357945426
1989-09-01,125,124.8,NA,190.1,NA,NA,190.1,0.9984,189.79584
1989-10-01,125.6,125.4,NA,190.9,NA,NA,190.9,0.998407643312102,190.59601910828027
1989-11-01,125.9,125.9,NA,191.2,NA,NA,191.2,1,191.2
1989-12-01,126.1,126.3,NA,191.4,NA,NA,191.4,1.0015860428231562,191.7035685963521
1990-01-01,127.4,127.5,NA,193.3,NA,NA,193.3,1.000784929356358,193.45172684458402
1990-02-01,128,128,NA,194.1,NA,NA,194.1,1,194.1
1990-03-01,128.7,128.6,NA,195.2,NA,NA,195.2,0.9992229992229993,195.04832944832944
1990-04-01,128.9,128.9,NA,195.5,NA,NA,195.5,1,195.5
1990-05-01,129.2,129.1,NA,195.8,NA,NA,195.8,0.9992260061919505,195.6484520123839
1990-06-01,129.9,129.9,NA,196.8,NA,NA,196.8,1,196.8
1990-07-01,130.4,130.5,NA,197.6,NA,NA,197.6,1.0007668711656441,197.75153374233128
1990-08-01,131.6,131.6,NA,199.3,NA,NA,199.3,1,199.3
1990-09-01,132.7,132.5,NA,200.9,NA,NA,200.9,0.998492840994725,200.59721175584025
1990-10-01,133.5,133.4,NA,202,NA,NA,202,0.9992509363295881,201.8486891385768
1990-11-01,133.8,133.7,NA,202.3,NA,NA,202.3,0.999252615844544,202.14880418535125
1990-12-01,133.8,134.2,NA,202.3,NA,NA,202.3,1.0029895366218236,202.9047832585949
1991-01-01,134.6,134.7,NA,203.2,NA,NA,203.2,1.00074294205052,203.35096582466565
1991-02-01,134.8,134.8,NA,203.4,NA,NA,203.4,1,203.4
1991-03-01,135,134.8,NA,203.6,NA,NA,203.6,0.9985185185185186,203.29837037037038
1991-04-01,135.2,135.1,NA,203.8,NA,NA,203.8,0.9992603550295859,203.6492603550296
1991-05-01,135.6,135.6,NA,204.4,NA,NA,204.4,1,204.4
1991-06-01,136,136,NA,204.8,NA,NA,204.8,1,204.8
1991-07-01,136.2,136.2,NA,205,NA,NA,205,1,205
1991-08-01,136.6,136.6,NA,205.5,NA,NA,205.5,1,205.5
1991-09-01,137.2,137,NA,206.4,NA,NA,206.4,0.9985422740524782,206.0991253644315
1991-10-01,137.4,137.2,NA,206.5,NA,NA,206.5,0.9985443959243084,206.1994177583697
1991-11-01,137.8,137.8,NA,207,NA,NA,207,1,207
1991-12-01,137.9,138.2,NA,207.1,NA,NA,207.1,1.002175489485134,207.55054387237124
1992-01-01,138.1,138.3,NA,207.5,NA,NA,207.5,1.0014482259232442,207.80050687907317
1992-02-01,138.6,138.6,NA,208.1,NA,NA,208.1,1,208.1
1992-03-01,139.3,139.1,NA,208.9,NA,NA,208.9,0.9985642498205312,208.60007178750897
1992-04-01,139.5,139.4,NA,209.3,NA,NA,209.3,0.9992831541218639,209.1499641577061
1992-05-01,139.7,139.7,NA,209.6,NA,NA,209.6,1,209.6
1992-06-01,140.2,140.1,NA,210.1,NA,NA,210.1,0.9992867332382311,209.95014265335234
1992-07-01,140.5,140.5,NA,210.4,NA,NA,210.4,1,210.4
1992-08-01,140.9,140.8,NA,210.9,NA,NA,210.9,0.9992902767920512,210.7503193754436
1992-09-01,141.3,141.1,NA,211.5,NA,NA,211.5,0.9985845718329793,211.20063694267512
1992-10-01,141.8,141.7,NA,212.1,NA,NA,212.1,0.9992947813822284,211.95042313117062
1992-11-01,142,142.1,NA,212.4,NA,NA,212.4,1.0007042253521126,212.5495774647887
1992-12-01,141.9,142.3,NA,212.3,NA,NA,212.3,1.0028188865398169,212.89844961240314
1993-01-01,142.6,142.8,NA,212.9,NA,NA,212.9,1.0014025245441796,213.19859747545584
1993-02-01,143.1,143.1,NA,213.6,NA,NA,213.6,1,213.6
1993-03-01,143.6,143.3,NA,214.3,NA,NA,214.3,0.9979108635097494,213.85229805013932
1993-04-01,144,143.8,NA,214.9,NA,NA,214.9,0.9986111111111112,214.60152777777782
1993-05-01,144.2,144.2,NA,215.3,NA,NA,215.3,1,215.3
1993-06-01,144.4,144.3,NA,215.5,NA,NA,215.5,0.9993074792243768,215.3507617728532
1993-07-01,144.4,144.5,NA,215.6,NA,NA,215.6,1.0006925207756232,215.74930747922437
1993-08-01,144.8,144.8,NA,216.1,NA,NA,216.1,1,216.1
1993-09-01,145.1,145,NA,216.3,NA,NA,216.3,0.9993108201240524,216.15093039283255
1993-10-01,145.7,145.6,NA,217.1,NA,NA,217.1,0.9993136582017845,216.95099519560742
1993-11-01,145.8,146,NA,217.2,NA,NA,217.2,1.0013717421124828,217.49794238683126
1993-12-01,145.8,146.3,NA,217,NA,NA,217,1.003429355281207,217.74417009602192
1994-01-01,146.2,146.3,NA,217.4,NA,NA,217.4,1.000683994528044,217.54870041039675
1994-02-01,146.7,146.7,NA,218,NA,NA,218,1,218
1994-03-01,147.2,147.1,NA,218.7,NA,NA,218.7,0.9993206521739131,218.55142663043478
1994-04-01,147.4,147.2,NA,219,NA,NA,219,0.9986431478968791,218.70284938941654
1994-05-01,147.5,147.5,NA,219.2,NA,NA,219.2,1,219.2
1994-06-01,148,147.9,NA,219.8,NA,NA,219.8,0.9993243243243244,219.6514864864865
1994-07-01,148.4,148.4,NA,220.3,NA,NA,220.3,1,220.3
1994-08-01,149,149,NA,221.1,NA,NA,221.1,1,221.1
1994-09-01,149.4,149.3,NA,221.4,NA,NA,221.4,0.999330655957162,221.25180722891568
1994-10-01,149.5,149.4,NA,221.6,NA,NA,221.6,0.9993311036789299,221.45177257525086
1994-11-01,149.7,149.8,NA,221.8,NA,NA,221.8,1.000668002672011,221.94816299265204
1994-12-01,149.7,150.1,NA,221.7,NA,NA,221.7,1.0026720106880427,222.29238476953904
1995-01-01,150.3,150.5,NA,222.5,NA,NA,222.5,1.0013306719893547,222.7960745176314
1995-02-01,150.9,150.9,NA,223.2,NA,NA,223.2,1,223.2
1995-03-01,151.4,151.2,NA,223.9,NA,NA,223.9,0.998678996036988,223.60422721268162
1995-04-01,151.9,151.8,NA,224.6,NA,NA,224.6,0.9993416721527321,224.45213956550361
1995-05-01,152.2,152.1,NA,225,NA,NA,225,0.9993429697766097,224.8521681997372
1995-06-01,152.5,152.4,NA,225.5,NA,NA,225.5,0.999344262295082,225.352131147541
1995-07-01,152.5,152.6,NA,225.6,NA,NA,225.6,1.000655737704918,225.74793442622948
1995-08-01,152.9,152.9,NA,226,NA,NA,226,1,226
1995-09-01,153.2,153.1,NA,226.5,NA,NA,226.5,0.9993472584856398,226.3521540469974
1995-10-01,153.7,153.5,NA,227,NA,NA,227,0.9986987638256344,226.70461938841902
1995-11-01,153.6,153.7,NA,226.9,NA,NA,226.9,1.0006510416666667,227.0477213541667
1995-12-01,153.5,153.9,NA,226.7,NA,NA,226.7,1.0026058631921824,227.29074918566772
1996-01-01,154.4,154.7,NA,227.8,NA,NA,227.8,1.001943005181347,228.24261658031085
1996-02-01,154.9,155,NA,228.6,NA,NA,228.6,1.000645577792124,228.74757908327953
1996-03-01,155.7,155.5,NA,229.8,NA,NA,229.8,0.9987154784842647,229.50481695568402
1996-04-01,156.3,156.1,NA,230.6,NA,NA,230.6,0.9987204094689698,230.30492642354443
1996-05-01,156.6,156.4,NA,231.1,NA,NA,231.1,0.9987228607918264,230.80485312899106
1996-06-01,156.7,156.7,NA,231.3,NA,NA,231.3,1,231.3
1996-07-01,157,157,NA,231.6,NA,NA,231.6,1,231.6
1996-08-01,157.3,157.2,NA,231.9,NA,NA,231.9,0.9993642720915447,231.7525746980292
1996-09-01,157.8,157.7,NA,232.7,NA,NA,232.7,0.9993662864385296,232.55253485424583
1996-10-01,158.3,158.2,NA,233.3,NA,NA,233.3,0.9993682880606441,233.1526216045483
1996-11-01,158.6,158.7,NA,233.7,NA,NA,233.7,1.0006305170239596,233.84735182849934
1996-12-01,158.6,159.1,NA,233.7,NA,NA,233.7,1.0031525851197982,234.43675914249684
1997-01-01,159.1,159.4,NA,234.4,NA,NA,234.4,1.0018856065367694,234.84198617221875
1997-02-01,159.6,159.7,NA,235.1,NA,NA,235.1,1.00062656641604,235.247305764411
1997-03-01,160,159.8,NA,235.6,NA,NA,235.6,0.99875,235.3055
1997-04-01,160.2,159.9,NA,235.8,NA,NA,235.8,0.9981273408239701,235.35842696629217
1997-05-01,160.1,159.9,NA,235.8,NA,NA,235.8,0.9987507807620238,235.50543410368525
1997-06-01,160.3,160.2,NA,236.1,NA,NA,236.1,0.9993761696818464,235.95271366188393
1997-07-01,160.5,160.4,NA,236.2,NA,NA,236.2,0.9993769470404985,236.05283489096573
1997-08-01,160.8,160.8,NA,236.7,NA,NA,236.7,1,236.7
1997-09-01,161.2,161.2,NA,237.4,NA,NA,237.4,1,237.4
1997-10-01,161.6,161.5,NA,237.8,NA,NA,237.8,0.9993811881188119,237.6528465346535
1997-11-01,161.5,161.7,NA,237.8,NA,NA,237.8,1.0012383900928792,238.09448916408667
1997-12-01,161.3,161.8,NA,237.3,NA,NA,237.3,1.0030998140111593,238.03558586484812
1998-01-01,161.6,162,NA,237.8,NA,NA,237.8,1.0024752475247525,238.38861386138615
1998-02-01,161.9,162,NA,238.1,NA,NA,238.1,1.0006176652254477,238.2470660901791
1998-03-01,162.2,162,NA,238.5,NA,NA,238.5,0.998766954377312,238.2059186189889
1998-04-01,162.5,162.2,NA,239,NA,NA,239,0.9981538461538461,238.5587692307692
1998-05-01,162.8,162.6,NA,239.3,NA,NA,239.3,0.9987714987714986,239.00601965601965
1998-06-01,163,162.8,NA,239.5,NA,NA,239.5,0.9987730061349694,239.20613496932518
1998-07-01,163.2,163.2,NA,239.7,NA,NA,239.7,1,239.7
1998-08-01,163.4,163.4,NA,240.1,NA,NA,240.1,1,240.1
1998-09-01,163.6,163.5,NA,240.4,NA,NA,240.4,0.9993887530562348,240.25305623471885
1998-10-01,164,163.9,NA,240.9,NA,NA,240.9,0.999390243902439,240.75310975609756
1998-11-01,164,164.1,NA,240.8,NA,NA,240.8,1.0006097560975609,240.94682926829267
1998-12-01,163.9,164.4,NA,240.6,NA,NA,240.6,1.0030506406345332,241.33398413666868
1999-01-01,164.3,164.7,NA,241.3,NA,NA,241.3,1.0024345709068776,241.88746195982958
1999-02-01,164.5,164.7,NA,241.6,NA,NA,241.6,1.0012158054711247,241.8937386018237
1999-03-01,165,164.8,NA,242.3,NA,NA,242.3,0.9987878787878789,242.00630303030306
1999-04-01,166.2,165.9,NA,244,NA,NA,244,0.9981949458483755,243.55956678700363
1999-05-01,166.2,166,NA,244,NA,NA,244,0.9987966305655837,243.7063778580024
1999-06-01,166.2,166,NA,244.1,NA,NA,244.1,0.9987966305655837,243.80625752105897
1999-07-01,166.7,166.7,NA,244.7,NA,NA,244.7,1,244.7
1999-08-01,167.1,167.1,NA,245.4,NA,NA,245.4,1,245.4
1999-09-01,167.9,167.8,NA,246.5,NA,NA,246.5,0.9994044073853484,246.35318642048838
1999-10-01,168.2,168.1,NA,247.1,NA,NA,247.1,0.9994054696789536,246.95309155766944
1999-11-01,168.3,168.4,NA,247.2,NA,NA,247.2,1.0005941770647653,247.34688057040998
1999-12-01,168.3,168.8,NA,247.2,NA,NA,247.2,1.0029708853238266,247.9344028520499
2000-01-01,168.8,169.3,NA,248,NA,NA,248,1.002962085308057,248.73459715639814
2000-02-01,169.8,170,NA,249.4,NA,NA,249.4,1.0011778563015312,249.69375736160188
2000-03-01,171.2,171,NA,251.4,NA,NA,251.4,0.9988317757009346,251.10630841121497
2000-04-01,171.3,170.9,NA,251.6,NA,NA,251.6,0.9976649153531815,251.01249270286044
2000-05-01,171.5,171.2,NA,251.8,NA,NA,251.8,0.9982507288629737,251.35953352769678
2000-06-01,172.4,172.2,NA,253.2,NA,NA,253.2,0.9988399071925753,252.90626450116005
2000-07-01,172.8,172.7,NA,253.7,NA,NA,253.7,0.9994212962962962,253.55318287037034
2000-08-01,172.8,172.7,NA,253.8,NA,NA,253.8,0.9994212962962962,253.653125
2000-09-01,173.7,173.6,NA,255.1,NA,NA,255.1,0.9994242947610824,254.95313759355213
2000-10-01,174,173.9,NA,255.5,NA,NA,255.5,0.9994252873563219,255.35316091954024
2000-11-01,174.1,174.2,NA,255.7,NA,NA,255.7,1.0005743825387707,255.84686961516365
2000-12-01,174,174.6,NA,255.5,NA,NA,255.5,1.0034482758620689,256.3810344827586
2001-01-01,175.1,175.6,NA,257.2,NA,NA,257.2,1.0028555111364934,257.9344374643061
2001-02-01,175.8,176,NA,258.2,NA,NA,258.2,1.0011376564277588,258.4937428896473
2001-03-01,176.2,176.1,NA,258.9,NA,NA,258.9,0.9994324631101021,258.7530646992054
2001-04-01,176.9,176.4,NA,259.8,NA,NA,259.8,0.9971735443753533,259.0656868287168
2001-05-01,177.7,177.3,NA,260.9,NA,NA,260.9,0.9977490151941476,260.3127180641531
2001-06-01,178,177.7,NA,261.5,NA,NA,261.5,0.998314606741573,261.05926966292134
2001-07-01,177.5,177.4,NA,260.7,NA,NA,260.7,0.9994366197183099,260.5531267605634
2001-08-01,177.5,177.4,NA,260.8,NA,NA,260.8,0.9994366197183099,260.6530704225352
2001-09-01,178.3,178.1,NA,261.8,NA,NA,261.8,0.9988782950084127,261.50633763320246
2001-10-01,177.7,177.6,NA,261,NA,NA,261,0.9994372537985369,260.85312324141813
2001-11-01,177.4,177.5,NA,260.5,NA,NA,260.5,1.0005636978579482,260.6468432919955
2001-12-01,176.7,177.4,NA,259.5,NA,NA,259.5,1.0039615166949634,260.52801358234296
2002-01-01,177.1,177.7,NA,260.2,NA,NA,260.2,1.0033879164313946,261.08153585544886
2002-02-01,177.8,178,NA,261.2,NA,NA,261.2,1.001124859392576,261.49381327334083
2002-03-01,178.8,178.5,NA,262.6,NA,NA,262.6,0.9983221476510067,262.1593959731544
2002-04-01,179.8,179.3,NA,264.1,NA,NA,264.1,0.9972191323692993,263.365572858732
2002-05-01,179.8,179.5,NA,264,NA,NA,264,0.9983314794215795,263.55951056729697
2002-06-01,179.9,179.6,NA,264.2,NA,NA,264.2,0.9983324068927181,263.7594219010561
2002-07-01,180.1,180,NA,264.5,NA,NA,264.5,0.9994447529150472,264.35313714603
2002-08-01,180.7,180.5,NA,265.4,NA,NA,265.4,0.9988931931377976,265.10625345877145
2002-09-01,181,180.8,NA,265.8,NA,NA,265.8,0.9988950276243095,265.50629834254147
2002-10-01,181.3,181.2,NA,266.3,NA,NA,266.3,0.9994484280198564,266.15311638168777
2002-11-01,181.3,181.5,NA,266.3,NA,NA,266.3,1.0011031439602867,266.59376723662433
2002-12-01,180.9,181.8,NA,265.7,NA,NA,265.7,1.0049751243781095,267.0218905472637
2003-01-01,181.7,182.6,NA,266.9,NA,NA,266.9,1.0049532195927353,268.222014309301
2003-02-01,183.1,183.6,NA,269,NA,NA,269,1.0027307482250136,269.7345712725287
2003-03-01,184.2,183.9,NA,270.6,NA,NA,270.6,0.9983713355048861,270.1592833876222
2003-04-01,183.8,183.2,NA,269.9,NA,NA,269.9,0.9967355821545156,269.01893362350376
2003-05-01,183.5,182.9,NA,269.5,NA,NA,269.5,0.9967302452316077,268.6188010899183
2003-06-01,183.7,183.1,NA,269.9,NA,NA,269.9,0.9967338051170387,269.01845400108874
2003-07-01,183.9,183.7,NA,270.2,NA,NA,270.2,0.9989124524197933,269.90614464382816
2003-08-01,184.6,184.5,NA,271.2,NA,NA,271.2,0.9994582881906826,271.0530877573131
2003-09-01,185.2,185.1,NA,272,NA,NA,272,0.9994600431965444,271.8531317494601
2003-10-01,185,184.9,NA,271.8,NA,NA,271.8,0.9994594594594595,271.6530810810811
2003-11-01,184.5,185,NA,271,NA,NA,271,1.002710027100271,271.73441734417344
2003-12-01,184.3,185.5,NA,270.7,NA,NA,270.7,1.0065111231687465,272.4625610417797
2004-01-01,185.2,186.3,NA,272.1,NA,NA,272.1,1.0059395248380132,273.7161447084234
2004-02-01,186.2,186.7,NA,273.6,NA,NA,273.6,1.002685284640172,274.33469387755105
2004-03-01,187.4,187.1,NA,275.3,NA,NA,275.3,0.9983991462113126,274.85928495197436
2004-04-01,188,187.4,NA,276.2,NA,NA,276.2,0.9968085106382979,275.3185106382979
2004-05-01,189.1,188.2,NA,277.7,NA,NA,277.7,0.9952406134320465,276.3783183500793
2004-06-01,189.7,188.9,NA,278.6,NA,NA,278.6,0.995782814971007,277.42509225092255
2004-07-01,189.4,189.1,NA,278.3,NA,NA,278.3,0.998416050686378,277.859186906019
2004-08-01,189.5,189.2,NA,278.4,NA,NA,278.4,0.9984168865435356,277.95926121372025
2004-09-01,189.9,189.8,NA,278.9,NA,NA,278.9,0.9994734070563455,278.75313322801475
2004-10-01,190.9,190.8,NA,280.4,NA,NA,280.4,0.999476165531692,280.2531168150864
2004-11-01,191,191.7,NA,280.6,NA,NA,280.6,1.0036649214659685,281.6283769633508
2004-12-01,190.3,191.7,NA,279.6,NA,NA,279.6,1.0073568050446662,281.6569626904887
2005-01-01,190.7,191.6,NA,280.1,NA,NA,280.1,1.0047194546407971,281.4219192448873
2005-02-01,191.8,192.4,NA,281.7,NA,NA,281.7,1.003128258602711,282.5812304483837
2005-03-01,193.3,193.1,NA,283.9,NA,NA,283.9,0.998965338851526,283.6062596999482
2005-04-01,194.6,193.7,NA,285.8,NA,NA,285.8,0.9953751284686536,284.4782117163412
2005-05-01,194.4,193.6,NA,285.6,NA,NA,285.6,0.9958847736625513,284.4246913580247
2005-06-01,194.5,193.7,NA,285.7,NA,NA,285.7,0.9958868894601541,284.524884318766
2005-07-01,195.4,194.9,NA,287,NA,NA,287,0.9974411463664279,286.2656090071648
2005-08-01,196.4,196.1,NA,288.5,NA,NA,288.5,0.9984725050916496,288.0593177189409
2005-09-01,198.8,198.8,NA,292,NA,NA,292,1,292
2005-10-01,199.2,199.1,NA,292.6,NA,NA,292.6,0.9994979919678715,292.4531124497992
2005-11-01,197.6,198.1,NA,290.3,NA,NA,290.3,1.0025303643724697,291.03456477732794
2005-12-01,196.8,198.1,NA,289,NA,NA,289,1.0066056910569106,290.9090447154471
2006-01-01,198.3,199.3,NA,291.3,NA,NA,291.3,1.0050428643469491,292.76898638426627
2006-02-01,198.7,199.4,NA,291.9,NA,NA,291.9,1.0035228988424763,292.9283341721188
2006-03-01,199.8,199.7,NA,293.6,NA,NA,293.6,0.9994994994994993,293.45305305305305
2006-04-01,201.5,200.7,NA,296,NA,NA,296,0.9960297766749379,294.82481389578163
2006-05-01,202.5,201.3,NA,297.4,NA,NA,297.4,0.9940740740740741,295.6376296296296
2006-06-01,202.9,201.8,NA,298.1,NA,NA,298.1,0.9945786101527847,296.48388368654514
2006-07-01,203.5,202.9,NA,298.9,NA,NA,298.9,0.9970515970515971,298.01872235872236
2006-08-01,203.9,203.8,NA,299.6,NA,NA,299.6,0.9995095635115253,299.453065228053
2006-09-01,202.9,202.8,NA,298.1,NA,NA,298.1,0.9995071463775259,297.9530803351405
2006-10-01,201.8,201.9,NA,296.5,NA,NA,296.5,1.0004955401387512,296.6469276511397
2006-11-01,201.5,202,NA,296,NA,NA,296,1.0024813895781637,296.73449131513644
2006-12-01,201.8,203.1,NA,296.5,NA,NA,296.5,1.006442021803766,298.4100594648166
2007-01-01,202.416,203.437,NA,297.4,NA,NA,297.4,1.0050440676626355,298.9001057228678
2007-02-01,203.499,204.226,NA,299,NA,NA,299,1.00357249912776,300.0681772392002
2007-03-01,205.352,205.288,NA,301.7,NA,NA,301.7,0.9996883400210371,301.6059721843469
2007-04-01,206.686,205.904,NA,303.6,NA,NA,303.6,0.9962164829741733,302.451324230959
2007-05-01,207.949,206.755,NA,305.5,NA,NA,305.5,0.994258207541272,303.7458824038586
2007-06-01,208.352,207.234,NA,306.1,NA,NA,306.1,0.9946340807863616,304.4574921287053
2007-07-01,208.299,207.603,NA,306,NA,NA,306,0.9966586493454122,304.9775466996961
2007-08-01,207.917,207.667,NA,305.5,NA,NA,305.5,0.9987975971180808,305.1326659195737
2007-09-01,208.49,208.547,NA,306.3,NA,NA,306.3,1.0002733944074056,306.38374070698836
2007-10-01,208.936,209.19,NA,306.9,NA,NA,306.9,1.0012156832714323,307.27309319600255
2007-11-01,210.177,210.834,NA,308.8,NA,NA,308.8,1.003125936710487,309.7652892561984
2007-12-01,210.036,211.445,NA,308.6,NA,NA,308.6,1.0067083738025862,310.67020415547813
2008-01-01,211.08,212.174,NA,310.1,NA,NA,310.1,1.005182869054387,311.7072076937654
2008-02-01,211.693,212.687,NA,311,NA,NA,311,1.0046954788301927,312.4602939161899
2008-03-01,213.528,213.448,NA,313.7,NA,NA,313.7,0.9996253418755386,313.5824697463565
2008-04-01,214.823,213.942,NA,315.6,NA,NA,315.6,0.9958989493676189,314.30570842042056
2008-05-01,216.632,215.208,NA,318.2,NA,NA,318.2,0.9934266405701835,316.1083570294324
2008-06-01,218.815,217.463,NA,321.5,NA,NA,321.5,0.9938212645385371,319.5135365491397
2008-07-01,219.964,219.016,NA,323.2,NA,NA,323.2,0.9956902038515393,321.8070738848175
2008-08-01,219.086,218.69,NA,321.9,NA,NA,321.9,0.9981924906201217,321.31816273061713
2008-09-01,218.783,218.877,NA,321.4,NA,NA,321.4,1.0004296494700229,321.5380893396653
2008-10-01,216.573,216.995,NA,318.2,NA,NA,318.2,1.0019485346742207,318.82002373333705
2008-11-01,212.425,213.153,NA,312.1,NA,NA,312.1,1.0034270919147934,313.16959538660706
2008-12-01,210.228,211.398,NA,308.8,NA,NA,308.8,1.0055653861521776,310.51859124379246
2009-01-01,211.143,211.933,NA,310.2,NA,NA,310.2,1.0037415400936804,311.36062573705965
2009-02-01,212.193,212.705,NA,311.7,NA,NA,311.7,1.0024128976921953,312.45210021065725
2009-03-01,212.709,212.495,NA,312.5,NA,NA,312.5,0.9989939306752418,312.18560333601306
2009-04-01,213.24,212.709,NA,313.3,NA,NA,313.3,0.9975098480585256,312.5198353967361
2009-05-01,213.856,213.022,NA,314.2,NA,NA,314.2,0.9961001795600778,312.97467641777644
2009-06-01,215.693,214.79,NA,316.9,NA,NA,316.9,0.9958134941792268,315.573296305397
2009-07-01,215.351,214.726,NA,316.4,NA,NA,316.4,0.9970977613291788,315.48173168455213
2009-08-01,215.834,215.445,NA,317.1,NA,NA,317.1,0.9981976889646672,316.528487170696
2009-09-01,215.969,215.861,NA,317.3,NA,NA,317.3,0.9994999282304404,317.1413272275188
2009-10-01,216.177,216.509,NA,317.6,NA,NA,317.6,1.0015357785518348,318.08776326806276
2009-11-01,216.33,217.234,NA,317.8,NA,NA,317.8,1.0041788009060233,319.12802292793424
2009-12-01,215.949,217.347,NA,317.3,NA,NA,317.3,1.006473750746704,319.3541211119292
2010-01-01,216.687,217.488,NA,318.3,NA,NA,318.3,1.0036965761674672,319.47662019410484
2010-02-01,216.741,217.281,NA,318.4,NA,NA,318.4,1.0024914529323017,319.19327861364485
2010-03-01,217.631,217.353,NA,319.7,NA,NA,319.7,0.998722608451921,319.2916179220791
2010-04-01,218.009,217.403,NA,320.3,NA,NA,320.3,0.9972202982445679,319.4096615277351
2010-05-01,218.178,217.29,NA,320.5,NA,NA,320.5,0.9959299287737535,319.195542171988
2010-06-01,217.965,217.199,NA,320.2,NA,NA,320.2,0.9964856743055078,319.07471291262357
2010-07-01,218.011,217.605,NA,320.3,NA,NA,320.3,0.9981377086477288,319.70350807986756
2010-08-01,218.312,217.923,NA,320.7,NA,NA,320.7,0.9982181465059181,320.12855958444794
2010-09-01,218.439,218.275,NA,320.9,NA,NA,320.9,0.9992492183172419,320.6590741580029
2010-10-01,218.711,219.035,NA,321.3,NA,NA,321.3,1.0014814069708426,321.77597605973176
2010-11-01,218.803,219.59,NA,321.5,NA,NA,321.5,1.003596842822082,322.6563849672994
2010-12-01,219.179,220.472,NA,322,NA,NA,322,1.0058992877967323,323.8995706705478
2011-01-01,220.223,221.187,NA,323.6,NA,NA,323.6,1.0043773811091485,325.0165205269205
2011-02-01,221.309,221.898,NA,325.2,NA,NA,325.2,1.0026614371760751,326.0654993696596
2011-03-01,223.467,223.046,NA,328.3,NA,NA,328.3,0.9981160529295152,327.68150017675987
2011-04-01,224.906,224.093,NA,330.5,NA,NA,330.5,0.9963851564653676,329.305294211804
2011-05-01,225.964,224.806,NA,332,NA,NA,332,0.9948752898691827,330.29859623656864
2011-06-01,225.722,224.806,NA,331.7,NA,NA,331.7,0.9959419108460851,330.3539318276464
2011-07-01,225.922,225.395,NA,332,NA,NA,332,0.9976673365143722,331.22555572277156
2011-08-01,226.545,226.106,NA,332.9,NA,NA,332.9,0.9980621951488667,332.2549047650577
2011-09-01,226.889,226.597,NA,333.4,NA,NA,333.4,0.9987130270749133,332.97092322677605
2011-10-01,226.421,226.75,NA,332.7,NA,NA,332.7,1.001453045433065,333.1834282155807
2011-11-01,226.23,227.169,NA,332.4,NA,NA,332.4,1.0041506431507758,333.7796737833179
2011-12-01,225.672,227.223,NA,331.6,NA,NA,331.6,1.0068728065511008,333.87902265234504
2012-01-01,226.665,227.842,NA,333.1,NA,NA,333.1,1.0051926852403328,334.8296834535549
2012-02-01,227.663,228.329,NA,334.6,NA,NA,334.6,1.0029253765433996,335.57883099142157
2012-03-01,229.392,228.807,NA,337.1,NA,NA,337.1,0.9974497802887633,336.24032093534214
2012-04-01,230.085,229.187,NA,338.1,NA,NA,338.1,0.9960970945520135,336.78042766803577
2012-05-01,229.815,228.713,NA,337.7,NA,NA,337.7,0.9952048386745861,336.0806740204077
2012-06-01,229.478,228.524,NA,337.3,NA,NA,337.3,0.9958427387374824,335.89775577615285
2012-07-01,229.104,228.59,NA,336.7,NA,NA,336.7,0.9977564774076402,335.94460594315245
2012-08-01,230.379,229.918,NA,338.6,NA,NA,338.6,0.9979989495570344,337.9224443200119
2012-09-01,231.407,231.015,NA,340.1,NA,NA,340.1,0.9983060149433681,339.5238756822395
2012-10-01,231.317,231.638,NA,340,NA,NA,340,1.0013877060484098,340.4718200564593
2012-11-01,230.221,231.249,NA,338.4,NA,NA,338.4,1.0044652746708598,339.91104894861894
2012-12-01,229.601,231.221,NA,337.5,NA,NA,337.5,1.007055718398439,339.88130495947314
2013-01-01,230.28,231.679,NA,338.6,NA,NA,338.6,1.0060752127844363,340.6570670488102
2013-02-01,232.166,232.937,NA,341.4,NA,NA,341.4,1.003320899701076,342.5337551579473
2013-03-01,232.773,232.282,NA,342.2,NA,NA,342.2,0.9978906488295465,341.4781800294708
2013-04-01,232.531,231.797,NA,341.9,NA,NA,341.9,0.996843431628471,340.8207692737742
2013-05-01,232.945,231.893,NA,342.5,NA,NA,342.5,0.9954839125115371,340.9532400352015
2013-06-01,233.504,232.445,NA,343.3,NA,NA,343.3,0.9954647457859395,341.743047228313
2013-07-01,233.596,232.9,NA,343.5,NA,NA,343.5,0.9970204969263172,342.47654069418996
2013-08-01,233.877,233.456,NA,343.9,NA,NA,343.9,0.9981999084989117,343.2809485327757
2013-09-01,234.149,233.544,NA,344.3,NA,NA,344.3,0.9974161751705112,343.410389111207
2013-10-01,233.546,233.669,NA,343.4,NA,NA,343.4,1.0005266628415816,343.5808560197991
2013-11-01,233.069,234.1,NA,342.8,NA,NA,342.8,1.004423582715848,344.3164041549927
2013-12-01,233.049,234.719,NA,342.8,NA,NA,342.8,1.0071658749876635,345.2564619457711
2014-01-01,233.916,235.288,NA,344.1,NA,NA,344.1,1.0058653533747157,346.1182680962397
2014-02-01,234.781,235.547,NA,345.4,NA,NA,345.4,1.0032626149475468,346.5269072028826
2014-03-01,236.293,236.028,NA,347.6,NA,NA,347.6,0.9988785110011722,347.21017042400746
2014-04-01,237.072,236.468,NA,348.7,NA,NA,348.7,0.9974522507930079,347.81159985152186
2014-05-01,237.9,236.918,NA,350,NA,NA,350,0.9958722152164775,348.5552753257671
2014-06-01,238.343,237.231,NA,350.7,NA,NA,350.7,0.9953344549661622,349.0637933566331
2014-07-01,238.25,237.498,NA,350.5,NA,NA,350.5,0.9968436516264427,349.39369989506815
2014-08-01,237.852,237.46,NA,349.9,NA,NA,349.9,0.9983519163177101,349.32333551956674
2014-09-01,238.031,237.477,NA,350.2,NA,NA,350.2,0.9976725720599418,349.3849347353916
2014-10-01,237.433,237.43,NA,349.3,NA,NA,349.3,0.9999873648566122,349.2955865444147
2014-11-01,236.151,236.983,NA,347.5,NA,NA,347.5,1.0035231694974824,348.72430140037517
2014-12-01,234.812,236.252,NA,345.6,NA,NA,345.6,1.0061325656269697,347.71941468068076
2015-01-01,233.707,234.747,NA,344,NA,NA,344,1.0044500164736188,345.53080566692483
2015-02-01,234.722,235.342,NA,345.5,NA,NA,345.5,1.0026414226190983,346.41261151489846
2015-03-01,236.119,235.976,NA,347.5,NA,NA,347.5,0.9993943731762374,347.28954467874246
2015-04-01,236.599,236.222,NA,348.3,NA,NA,348.3,0.998406586671964,347.7450141378451
2015-05-01,237.805,237.001,NA,350,NA,NA,350,0.9966190786568827,348.81667752990893
2015-06-01,238.638,237.657,NA,351.3,NA,NA,351.3,0.9958891710456843,349.8558657883489
2015-07-01,238.654,238.034,NA,351.3,NA,NA,351.3,0.9974020967593252,350.38735659155094
2015-08-01,238.316,238.033,NA,350.8,NA,NA,350.8,0.9988125010490273,350.38342536799877
2015-09-01,237.945,237.498,NA,350.3,NA,NA,350.3,0.9981214146126206,349.64193153880103
2015-10-01,237.838,237.733,NA,350.2,NA,NA,350.2,0.9995585230282797,350.04539476450356
2015-11-01,237.336,238.017,NA,349.4,NA,NA,349.4,1.0028693497825867,350.40255081403575
2015-12-01,236.525,237.761,NA,348.3,NA,NA,348.3,1.0052256632491279,350.12009850967127
2016-01-01,236.916,237.652,NA,348.8,NA,NA,348.8,1.0031065863006297,349.8835773016596
2016-02-01,237.111,237.336,NA,349.1,NA,NA,349.1,1.0009489226564774,349.4312688993763
2016-03-01,238.132,238.08,NA,350.6,NA,NA,350.6,0.9997816337157543,350.5234407807435
2016-04-01,239.261,238.992,NA,352.3,NA,NA,352.3,0.9988757047742841,351.9039107919803
2016-05-01,240.229,239.557,NA,353.7,NA,NA,353.7,0.9972026691198813,352.71058406770203
2016-06-01,241.018,240.222,NA,354.9,NA,NA,354.9,0.9966973421072285,353.72788671385536
2016-07-01,240.628,240.101,NA,354.3,NA,NA,354.3,0.997809897435045,353.52404666123647
2016-08-01,240.849,240.545,NA,354.7,NA,NA,354.7,0.9987377983715938,354.2522970824043
2016-09-01,241.428,241.176,NA,355.5,NA,NA,355.5,0.9989562105472438,355.12893284954515
2016-10-01,241.729,241.741,NA,356,NA,NA,356,1.0000496423681065,356.0176726830459
2016-11-01,241.353,242.026,NA,355.4,NA,NA,355.4,1.0027884467978438,356.3910139919537
2016-12-01,241.432,242.637,NA,355.5,NA,NA,355.5,1.0049910533814905,357.2743194771199
2017-01-01,242.839,243.618,NA,357.6,NA,NA,357.6,1.0032078867068304,358.74714028636254
2017-02-01,243.603,244.006,NA,358.7,NA,NA,358.7,1.001654331022196,359.29340853766166
2017-03-01,243.801,243.892,NA,359,NA,NA,359,1.000373255236853,359.1339986300302
2017-04-01,244.524,244.193,NA,360.1,NA,NA,360.1,0.9986463496425709,359.61255050628984
2017-05-01,244.733,244.004,NA,360.4,NA,NA,360.4,0.9970212435593074,359.3264561787744
2017-06-01,244.955,244.163,NA,360.7,NA,NA,360.7,0.9967667530770958,359.5337678349085
2017-07-01,244.786,244.243,NA,360.5,NA,NA,360.5,0.9977817358835881,359.7003157860335
2017-08-01,245.519,245.183,NA,361.6,NA,NA,361.6,0.9986314704768265,361.1051397244205
2017-09-01,246.819,246.435,NA,363.5,NA,NA,363.5,0.9984442040523623,362.93446817303374
2017-10-01,246.663,246.626,NA,363.2,NA,NA,363.2,0.9998499977702371,363.1455191901501
2017-11-01,246.669,247.284,NA,363.3,NA,NA,363.3,1.0024932196587328,364.20578670201763
2017-12-01,246.524,247.805,NA,363.1,NA,NA,363.1,1.005196248641106,364.98675788158556
2018-01-01,247.867,248.859,NA,365,NA,NA,365,1.004002146312337,366.460783404003
2018-02-01,248.991,249.529,NA,366.7,NA,NA,366.7,1.0021607206686185,367.4923362691824
2018-03-01,249.554,249.577,NA,367.5,NA,NA,367.5,1.0000921644213276,367.5338704248379
2018-04-01,250.546,250.227,NA,369,NA,NA,369,0.9987267807109274,368.5301820823322
2018-05-01,251.588,250.792,NA,370.5,NA,NA,370.5,0.99683609711115,369.32777397968107
2018-06-01,251.989,251.018,NA,371.1,NA,NA,371.1,0.9961466571953538,369.6700244851958
2018-07-01,252.006,251.214,NA,371.1,NA,NA,371.1,0.9968572176852932,369.93371348301235
2018-08-01,252.146,251.663,NA,371.3,NA,NA,371.3,0.9980844431400856,370.5887537379138
2018-09-01,252.439,252.182,NA,371.8,NA,NA,371.8,0.9989819322687857,371.42148241753455
2018-10-01,252.885,252.772,NA,372.4,NA,NA,372.4,0.9995531565731459,372.23359550783954
2018-11-01,252.038,252.594,NA,371.2,NA,NA,371.2,1.0022060165530593,372.0188733444956
2018-12-01,251.233,252.767,NA,370,NA,NA,370,1.0061058857713756,372.25917773540897
2019-01-01,251.712,252.718,NA,370.7,NA,NA,370.7,1.0039966310704298,372.1815511378083
2019-02-01,252.776,253.322,NA,372.2,NA,NA,372.2,1.0021600151913157,373.0039576542077
2019-03-01,254.202,254.202,NA,374.3,NA,NA,374.3,1,374.3
2019-04-01,255.548,255.211,NA,376.3,NA,NA,376.3,0.9986812653591498,375.8037601546481
2019-05-01,256.092,255.29,NA,377.1,NA,NA,377.1,0.9968683129500336,375.9190408134577
2019-06-01,256.143,255.159,NA,377.2,NA,NA,377.2,0.9961583958960425,375.75094693198724
2019-07-01,256.571,255.685,NA,377.8,NA,NA,377.8,0.996546764833126,376.495367753955
2019-08-01,256.558,256.059,NA,377.8,NA,NA,377.8,0.9980550206970745,377.0651868193548
2019-09-01,256.759,256.511,NA,378.1,NA,NA,378.1,0.999034113701954,377.7347983907089
2019-10-01,257.346,257.244,NA,379,NA,NA,379,0.9996036464526359,378.849782005549
2019-11-01,257.208,257.803,NA,378.8,NA,NA,378.8,1.0023133028521662,379.6762791204006
2019-12-01,256.974,258.616,NA,378.5,NA,NA,378.5,1.0063897514923688,380.9185209398616
2020-01-01,257.971,259.037,NA,379.9,NA,NA,379.9,1.0041322474231598,381.46984079605835
2020-02-01,258.678,259.248,NA,381,NA,NA,381,1.0022035117018069,381.8395379583884
2020-03-01,258.115,258.124,NA,380.1,NA,NA,380.1,1.0000348681789126,380.1132533948047
2020-04-01,256.389,256.092,NA,377.6,NA,NA,377.6,0.9988416039689689,377.1625896586827
2020-05-01,256.394,255.868,NA,377.6,NA,NA,377.6,0.9979484699329937,376.8253422466984
2020-06-01,257.797,256.986,NA,379.7,NA,NA,379.7,0.9968541138958171,378.50550704624175
2020-07-01,259.101,258.278,NA,381.6,NA,NA,381.6,0.9968236324830858,380.38789815554554
2020-08-01,259.918,259.411,NA,382.8,NA,NA,382.8,0.9980493848059773,382.0533045037281
2020-09-01,260.28,260.029,NA,383.3,NA,NA,383.3,0.9990356539111727,382.9303661441525
2020-10-01,260.388,260.286,NA,383.5,NA,NA,383.5,0.9996082768791189,383.3497741831421
2020-11-01,260.229,260.813,NA,383.2,NA,NA,383.2,1.002244177243889,384.05996871985826
2020-12-01,260.474,262.035,NA,383.6,NA,NA,383.6,1.0059929205986011,385.89888434162344
2021-01-01,261.582,262.65,NA,385.2,NA,NA,385.2,1.0040828497373673,386.77271371883387
2021-02-01,263.014,263.638,NA,387.3,NA,NA,387.3,1.0023724972815133,388.2188681971301
2021-03-01,264.877,264.914,NA,390,NA,NA,390,1.0001396874775839,390.0544781162577
2021-04-01,267.054,266.67,NA,393.2,NA,NA,393.2,0.9985620885663575,392.6346132242918
2021-05-01,269.195,268.444,NA,396.4,NA,NA,396.4,0.9972102007838185,395.2941235907056
2021-06-01,271.696,270.559,NA,400,NA,NA,400,0.9958151757847006,398.3260703138802
2021-07-01,273.003,271.764,NA,402,NA,NA,402,0.9954615883341942,400.17555851034604
2021-08-01,273.567,272.87,NA,402.8,NA,NA,402.8,0.9974521780770341,401.77373732942937
2021-09-01,274.31,274.028,NA,403.9,NA,NA,403.9,0.9989719660238418,403.48477707702966
2021-10-01,276.589,276.522,NA,407.2,NA,NA,407.2,0.9997577633239211,407.1013612255006
2021-11-01,277.948,278.711,NA,409.2,NA,NA,409.2,1.0027451177918172,410.3233022004116
2021-12-01,278.802,280.887,NA,410.5,NA,410.5,410.5,1.0074784255493145,413.5698936879936
2022-01-01,281.148,282.599,NA,NA,NA,413.95418253814535,413.95418253814535,1.0051609828275498,416.09059296561713
2022-02-01,283.716,284.61,NA,NA,NA,417.7352314545806,417.7352314545806,1.003151038362306,419.05153119418077
2022-03-01,287.504,287.472,NA,NA,NA,423.3125730805375,423.3125730805375,0.9998886972007345,423.26545720618935
2022-04-01,289.109,288.611,NA,NA,NA,425.6757286533095,425.6757286533095,0.9982774662843427,424.94248785876715
2022-05-01,292.296,291.268,NA,NA,NA,430.368175264166,430.368175264166,0.9964830172154254,428.8545778007331
2022-06-01,296.311,294.728,NA,NA,NA,436.2797451237795,436.2797451237795,0.9946576401146094,433.9489817146218
2022-07-01,296.276,294.628,NA,NA,NA,436.22821213621137,436.22821213621137,0.9944376189768999,433.801744607284
2022-08-01,296.171,295.32,NA,NA,NA,436.0736131735066,436.0736131735066,0.9971266599363205,434.8206253900617
2022-09-01,296.808,296.539,NA,NA,NA,437.0115135472485,437.0115135472485,0.9990936901970298,436.61544572850977
2022-10-01,298.012,297.987,NA,NA,NA,438.784248319596,438.784248319596,0.9999161107606406,438.7474390427615
2022-11-01,297.711,298.598,NA,NA,NA,438.34106462650914,438.34106462650914,1.0029793994847351,439.64705776859563
2022-12-01,296.797,298.99,NA,NA,NA,436.9953174654414,436.9953174654414,1.007388888701705,440.2242272293598
2023-01-01,299.17,300.536,NA,NA,NA,440.489254022568,440.489254022568,1.0045659658388206,442.5005129088026
2023-02-01,300.84,301.648,NA,NA,NA,442.94811371510957,442.94811371510957,1.0026858130567746,444.1377895423993
2023-03-01,301.836,301.808,NA,NA,NA,444.4145953041944,444.4145953041944,0.9999072343921864,444.3733689141398
