year,month,nominal_federal_mw,real_federal_mw,extended_chained_cpi
1938,10,0.25,4.54,9.6
1938,11,0.25,4.54,9.6
1938,12,0.25,4.54,9.6
1939,1,0.25,4.54,9.6
1939,2,0.25,4.59,9.5
1939,3,0.25,4.59,9.5
1939,4,0.25,4.64,9.4
1939,5,0.25,4.64,9.4
1939,6,0.25,4.64,9.4
1939,7,0.25,4.64,9.4
1939,8,0.25,4.64,9.4
1939,9,0.25,4.5,9.7
1939,10,0.3,5.45,9.6
1939,11,0.3,5.45,9.6
1939,12,0.3,5.45,9.6
1940,1,0.3,5.51,9.5
1940,2,0.3,5.45,9.6
1940,3,0.3,5.45,9.6
1940,4,0.3,5.45,9.6
1940,5,0.3,5.45,9.6
1940,6,0.3,5.4,9.7
1940,7,0.3,5.45,9.6
1940,8,0.3,5.45,9.6
1940,9,0.3,5.45,9.6
1940,10,0.3,5.45,9.6
1940,11,0.3,5.45,9.6
1940,12,0.3,5.4,9.7
1941,1,0.3,5.4,9.7
1941,2,0.3,5.4,9.7
1941,3,0.3,5.4,9.7
1941,4,0.3,5.34,9.8
1941,5,0.3,5.29,9.9
1941,6,0.3,5.18,10.1
1941,7,0.3,5.18,10.1
1941,8,0.3,5.13,10.2
1941,9,0.3,5.08,10.3
1941,10,0.3,4.99,10.5
1941,11,0.3,4.99,10.5
1941,12,0.3,4.94,10.6
1942,1,0.3,4.89,10.7
1942,2,0.3,4.85,10.8
1942,3,0.3,4.76,11
1942,4,0.3,4.76,11
1942,5,0.3,4.67,11.2
1942,6,0.3,4.67,11.2
1942,7,0.3,4.67,11.2
1942,8,0.3,4.63,11.3
1942,9,0.3,4.63,11.3
1942,10,0.3,4.59,11.4
1942,11,0.3,4.55,11.5
1942,12,0.3,4.51,11.6
1943,1,0.3,4.51,11.6
1943,2,0.3,4.51,11.6
1943,3,0.3,4.44,11.8
1943,4,0.3,4.4,11.9
1943,5,0.3,4.36,12
1943,6,0.3,4.36,12
1943,7,0.3,4.4,11.9
1943,8,0.3,4.44,11.8
1943,9,0.3,4.4,11.9
1943,10,0.3,4.4,11.9
1943,11,0.3,4.4,11.9
1943,12,0.3,4.4,11.9
1944,1,0.3,4.4,11.9
1944,2,0.3,4.4,11.9
1944,3,0.3,4.4,11.9
1944,4,0.3,4.36,12
1944,5,0.3,4.36,12
1944,6,0.3,4.36,12
1944,7,0.3,4.33,12.1
1944,8,0.3,4.33,12.1
1944,9,0.3,4.33,12.1
1944,10,0.3,4.33,12.1
1944,11,0.3,4.33,12.1
1944,12,0.3,4.29,12.2
1945,1,0.3,4.29,12.2
1945,2,0.3,4.29,12.2
1945,3,0.3,4.29,12.2
1945,4,0.3,4.29,12.2
1945,5,0.3,4.26,12.3
1945,6,0.3,4.22,12.4
1945,7,0.3,4.22,12.4
1945,8,0.3,4.22,12.4
1945,9,0.3,4.22,12.4
1945,10,0.4,5.63,12.4
1945,11,0.4,5.63,12.4
1945,12,0.4,5.58,12.5
1946,1,0.4,5.58,12.5
1946,2,0.4,5.63,12.4
1946,3,0.4,5.58,12.5
1946,4,0.4,5.54,12.6
1946,5,0.4,5.5,12.7
1946,6,0.4,5.45,12.8
1946,7,0.4,5.13,13.6
1946,8,0.4,5.06,13.8
1946,9,0.4,4.99,14
1946,10,0.4,4.92,14.2
1946,11,0.4,4.78,14.6
1946,12,0.4,4.75,14.7
1947,1,0.4,4.75,14.7
1947,2,0.4,4.72,14.8
1947,3,0.4,4.62,15.1
1947,4,0.4,4.62,15.1
1947,5,0.4,4.65,15
1947,6,0.4,4.59,15.2
1947,7,0.4,4.59,15.2
1947,8,0.4,4.56,15.3
1947,9,0.4,4.47,15.6
1947,10,0.4,4.47,15.6
1947,11,0.4,4.42,15.8
1947,12,0.4,4.36,16
1948,1,0.4,4.31,16.2
1948,2,0.4,4.31,16.2
1948,3,0.4,4.34,16.1
1948,4,0.4,4.28,16.3
1948,5,0.4,4.23,16.5
1948,6,0.4,4.23,16.5
1948,7,0.4,4.18,16.7
1948,8,0.4,4.15,16.8
1948,9,0.4,4.18,16.7
1948,10,0.4,4.2,16.6
1948,11,0.4,4.2,16.6
1948,12,0.4,4.23,16.5
1949,1,0.4,4.26,16.4
1949,2,0.4,4.26,16.4
1949,3,0.4,4.26,16.4
1949,4,0.4,4.26,16.4
1949,5,0.4,4.26,16.4
1949,6,0.4,4.26,16.4
1949,7,0.4,4.31,16.2
1949,8,0.4,4.31,16.2
1949,9,0.4,4.28,16.3
1949,10,0.4,4.31,16.2
1949,11,0.4,4.31,16.2
1949,12,0.4,4.31,16.2
1950,1,0.75,8.13,16.1
1950,2,0.75,8.08,16.2
1950,3,0.75,8.08,16.2
1950,4,0.75,8.08,16.2
1950,5,0.75,8.08,16.2
1950,6,0.75,7.98,16.4
1950,7,0.75,7.93,16.5
1950,8,0.75,7.93,16.5
1950,9,0.75,7.84,16.7
1950,10,0.75,7.84,16.7
1950,11,0.75,7.79,16.8
1950,12,0.75,7.65,17.1
1951,1,0.75,7.52,17.4
1951,2,0.75,7.39,17.7
1951,3,0.75,7.35,17.8
1951,4,0.75,7.35,17.8
1951,5,0.75,7.35,17.8
1951,6,0.75,7.39,17.7
1951,7,0.75,7.39,17.7
1951,8,0.75,7.39,17.7
1951,9,0.75,7.31,17.9
1951,10,0.75,7.31,17.9
1951,11,0.75,7.27,18
1951,12,0.75,7.23,18.1
1952,1,0.75,7.23,18.1
1952,2,0.75,7.23,18.1
1952,3,0.75,7.23,18.1
1952,4,0.75,7.23,18.1
1952,5,0.75,7.23,18.1
1952,6,0.75,7.23,18.1
1952,7,0.75,7.15,18.3
1952,8,0.75,7.15,18.3
1952,9,0.75,7.15,18.3
1952,10,0.75,7.15,18.3
1952,11,0.75,7.15,18.3
1952,12,0.75,7.15,18.3
1953,1,0.75,7.19,18.2
1953,2,0.75,7.19,18.2
1953,3,0.75,7.19,18.2
1953,4,0.75,7.15,18.3
1953,5,0.75,7.15,18.3
1953,6,0.75,7.15,18.3
1953,7,0.75,7.15,18.3
1953,8,0.75,7.11,18.4
1953,9,0.75,7.11,18.4
1953,10,0.75,7.07,18.5
1953,11,0.75,7.11,18.4
1953,12,0.75,7.11,18.4
1954,1,0.75,7.11,18.4
1954,2,0.75,7.07,18.5
1954,3,0.75,7.11,18.4
1954,4,0.75,7.15,18.3
1954,5,0.75,7.11,18.4
1954,6,0.75,7.11,18.4
1954,7,0.75,7.11,18.4
1954,8,0.75,7.11,18.4
1954,9,0.75,7.15,18.3
1954,10,0.75,7.19,18.2
1954,11,0.75,7.15,18.3
1954,12,0.75,7.15,18.3
1955,1,0.75,7.15,18.3
1955,2,0.75,7.11,18.4
1955,3,0.75,7.11,18.4
1955,4,0.75,7.11,18.4
1955,5,0.75,7.15,18.3
1955,6,0.75,7.15,18.3
1955,7,0.75,7.15,18.3
1955,8,0.75,7.19,18.2
1955,9,0.75,7.11,18.4
1955,10,0.75,7.15,18.3
1955,11,0.75,7.11,18.4
1955,12,0.75,7.15,18.3
1956,1,0.75,7.15,18.3
1956,2,0.75,7.15,18.3
1956,3,1,9.48,18.4
1956,4,1,9.48,18.4
1956,5,1,9.43,18.5
1956,6,1,9.38,18.6
1956,7,1,9.33,18.7
1956,8,1,9.33,18.7
1956,9,1,9.28,18.8
1956,10,1,9.28,18.8
1956,11,1,9.28,18.8
1956,12,1,9.23,18.9
1957,1,1,9.23,18.9
1957,2,1,9.14,19.1
1957,3,1,9.18,19
1957,4,1,9.14,19.1
1957,5,1,9.09,19.2
1957,6,1,9.09,19.2
1957,7,1,9.04,19.3
1957,8,1,8.99,19.4
1957,9,1,8.99,19.4
1957,10,1,8.99,19.4
1957,11,1,8.99,19.4
1957,12,1,8.99,19.4
1958,1,1,8.9,19.6
1958,2,1,8.86,19.7
1958,3,1,8.86,19.7
1958,4,1,8.81,19.8
1958,5,1,8.81,19.8
1958,6,1,8.81,19.8
1958,7,1,8.86,19.7
1958,8,1,8.81,19.8
1958,9,1,8.81,19.8
1958,10,1,8.81,19.8
1958,11,1,8.81,19.8
1958,12,1,8.81,19.8
1959,1,1,8.81,19.8
1959,2,1,8.77,19.9
1959,3,1,8.81,19.8
1959,4,1,8.81,19.8
1959,5,1,8.81,19.8
1959,6,1,8.77,19.9
1959,7,1,8.72,20
1959,8,1,8.72,20
1959,9,1,8.68,20.1
1959,10,1,8.68,20.1
1959,11,1,8.68,20.1
1959,12,1,8.68,20.1
1960,1,1,8.68,20.1
1960,2,1,8.68,20.1
1960,3,1,8.68,20.1
1960,4,1,8.64,20.2
1960,5,1,8.64,20.2
1960,6,1,8.6,20.3
1960,7,1,8.6,20.3
1960,8,1,8.6,20.3
1960,9,1,8.6,20.3
1960,10,1,8.55,20.4
1960,11,1,8.55,20.4
1960,12,1,8.55,20.4
1961,1,1,8.55,20.4
1961,2,1,8.55,20.4
1961,3,1,8.55,20.4
1961,4,1,8.55,20.4
1961,5,1,8.55,20.4
1961,6,1,8.55,20.4
1961,7,1,8.55,20.4
1961,8,1,8.51,20.5
1961,9,1.15,9.79,20.5
1961,10,1.15,9.79,20.5
1961,11,1.15,9.79,20.5
1961,12,1.15,9.79,20.5
1962,1,1.15,9.79,20.5
1962,2,1.15,9.74,20.6
1962,3,1.15,9.74,20.6
1962,4,1.15,9.69,20.7
1962,5,1.15,9.69,20.7
1962,6,1.15,9.69,20.7
1962,7,1.15,9.74,20.6
1962,8,1.15,9.69,20.7
1962,9,1.15,9.65,20.8
1962,10,1.15,9.65,20.8
1962,11,1.15,9.65,20.8
1962,12,1.15,9.65,20.8
1963,1,1.15,9.65,20.8
1963,2,1.15,9.6,20.9
1963,3,1.15,9.6,20.9
1963,4,1.15,9.6,20.9
1963,5,1.15,9.6,20.9
1963,6,1.15,9.6,20.9
1963,7,1.15,9.56,21
1963,8,1.15,9.56,21
1963,9,1.25,10.39,21
1963,10,1.25,10.34,21.1
1963,11,1.25,10.34,21.1
1963,12,1.25,10.34,21.1
1964,1,1.25,10.34,21.1
1964,2,1.25,10.34,21.1
1964,3,1.25,10.34,21.1
1964,4,1.25,10.34,21.1
1964,5,1.25,10.29,21.2
1964,6,1.25,10.29,21.2
1964,7,1.25,10.29,21.2
1964,8,1.25,10.29,21.2
1964,9,1.25,10.24,21.3
1964,10,1.25,10.24,21.3
1964,11,1.25,10.19,21.4
1964,12,1.25,10.19,21.4
1965,1,1.25,10.15,21.5
1965,2,1.25,10.15,21.5
1965,3,1.25,10.19,21.4
1965,4,1.25,10.15,21.5
1965,5,1.25,10.1,21.6
1965,6,1.25,10.1,21.6
1965,7,1.25,10.1,21.6
1965,8,1.25,10.1,21.6
1965,9,1.25,10.1,21.6
1965,10,1.25,10.05,21.7
1965,11,1.25,10.05,21.7
1965,12,1.25,10.01,21.8
1966,1,1.25,9.96,21.9
1966,2,1.25,9.91,22
1966,3,1.25,9.87,22.1
1966,4,1.25,9.87,22.1
1966,5,1.25,9.87,22.1
1966,6,1.25,9.83,22.2
1966,7,1.25,9.83,22.2
1966,8,1.25,9.74,22.4
1966,9,1.25,9.74,22.4
1966,10,1.25,9.69,22.5
1966,11,1.25,9.69,22.5
1966,12,1.25,9.69,22.5
1967,1,1.25,9.69,22.5
1967,2,1.4,10.81,22.6
1967,3,1.4,10.81,22.6
1967,4,1.4,10.81,22.6
1967,5,1.4,10.81,22.6
1967,6,1.4,10.71,22.8
1967,7,1.4,10.71,22.8
1967,8,1.4,10.67,22.9
1967,9,1.4,10.62,23
1967,10,1.4,10.62,23
1967,11,1.4,10.53,23.2
1967,12,1.4,10.53,23.2
1968,1,1.4,10.53,23.2
1968,2,1.6,11.98,23.3
1968,3,1.6,11.93,23.4
1968,4,1.6,11.88,23.5
1968,5,1.6,11.88,23.5
1968,6,1.6,11.83,23.6
1968,7,1.6,11.78,23.7
1968,8,1.6,11.73,23.8
1968,9,1.6,11.73,23.8
1968,10,1.6,11.63,24
1968,11,1.6,11.63,24
1968,12,1.6,11.59,24.1
1969,1,1.6,11.54,24.2
1969,2,1.6,11.54,24.2
1969,3,1.6,11.49,24.3
1969,4,1.6,11.4,24.5
1969,5,1.6,11.4,24.5
1969,6,1.6,11.3,24.7
1969,7,1.6,11.26,24.8
1969,8,1.6,11.3,24.7
1969,9,1.6,11.17,25
1969,10,1.6,11.17,25
1969,11,1.6,11.08,25.2
1969,12,1.6,11.04,25.3
1970,1,1.6,10.99,25.4
1970,2,1.6,10.91,25.6
1970,3,1.6,10.91,25.6
1970,4,1.6,10.86,25.7
1970,5,1.6,10.82,25.8
1970,6,1.6,10.82,25.8
1970,7,1.6,10.78,25.9
1970,8,1.6,10.74,26
1970,9,1.6,10.7,26.1
1970,10,1.6,10.66,26.2
1970,11,1.6,10.62,26.3
1970,12,1.6,10.54,26.5
1971,1,1.6,10.5,26.6
1971,2,1.6,10.5,26.6
1971,3,1.6,10.46,26.7
1971,4,1.6,10.42,26.8
1971,5,1.6,10.34,27
1971,6,1.6,10.34,27
1971,7,1.6,10.3,27.1
1971,8,1.6,10.3,27.1
1971,9,1.6,10.26,27.2
1971,10,1.6,10.23,27.3
1971,11,1.6,10.19,27.4
1971,12,1.6,10.23,27.3
1972,1,1.6,10.15,27.5
1972,2,1.6,10.12,27.6
1972,3,1.6,10.12,27.6
1972,4,1.6,10.08,27.7
1972,5,1.6,10.08,27.7
1972,6,1.6,10.04,27.8
1972,7,1.6,10.08,27.7
1972,8,1.6,10.04,27.8
1972,9,1.6,9.97,28
1972,10,1.6,9.97,28
1972,11,1.6,9.9,28.2
1972,12,1.6,9.87,28.3
1973,1,1.6,9.8,28.5
1973,2,1.6,9.73,28.7
1973,3,1.6,9.63,29
1973,4,1.6,9.56,29.2
1973,5,1.6,9.53,29.3
1973,6,1.6,9.46,29.5
1973,7,1.6,9.5,29.4
1973,8,1.6,9.34,29.9
1973,9,1.6,9.28,30.1
1973,10,1.6,9.21,30.3
1973,11,1.6,9.15,30.5
1973,12,1.6,9.06,30.8
1974,1,1.6,9.01,31
1974,2,1.6,8.86,31.5
1974,3,1.6,8.81,31.7
1974,4,1.6,8.72,32
1974,5,2,10.84,32.2
1974,6,2,10.77,32.4
1974,7,2,10.74,32.5
1974,8,2,10.61,32.9
1974,9,2,10.45,33.4
1974,10,2,10.42,33.5
1974,11,2,10.29,33.9
1974,12,2,10.23,34.1
1975,1,2.1,10.68,34.3
1975,2,2.1,10.62,34.5
1975,3,2.1,10.59,34.6
1975,4,2.1,10.53,34.8
1975,5,2.1,10.56,34.7
1975,6,2.1,10.47,35
1975,7,2.1,10.38,35.3
1975,8,2.1,10.32,35.5
1975,9,2.1,10.24,35.8
1975,10,2.1,10.21,35.9
1975,11,2.1,10.15,36.1
1975,12,2.1,10.07,36.4
1976,1,2.3,11,36.5
1976,2,2.3,10.97,36.6
1976,3,2.3,10.94,36.7
1976,4,2.3,10.91,36.8
1976,5,2.3,10.88,36.9
1976,6,2.3,10.82,37.1
1976,7,2.3,10.76,37.3
1976,8,2.3,10.7,37.5
1976,9,2.3,10.65,37.7
1976,10,2.3,10.59,37.9
1976,11,2.3,10.53,38.1
1976,12,2.3,10.51,38.2
1977,1,2.3,10.42,38.5
1977,2,2.3,10.32,38.9
1977,3,2.3,10.26,39.1
1977,4,2.3,10.21,39.3
1977,5,2.3,10.19,39.4
1977,6,2.3,10.14,39.6
1977,7,2.3,10.11,39.7
1977,8,2.3,10.06,39.9
1977,9,2.3,10.03,40
1977,10,2.3,9.98,40.2
1977,11,2.3,9.91,40.5
1977,12,2.3,9.89,40.6
1978,1,2.65,11.33,40.8
1978,2,2.65,11.25,41.1
1978,3,2.65,11.22,41.2
1978,4,2.65,11.12,41.6
1978,5,2.65,11.01,42
1978,6,2.65,10.96,42.2
1978,7,2.65,10.91,42.4
1978,8,2.65,10.86,42.6
1978,9,2.65,10.75,43
1978,10,2.65,10.7,43.2
1978,11,2.65,10.61,43.6
1978,12,2.65,10.56,43.8
1979,1,2.9,11.48,44.1
1979,2,2.9,11.37,44.5
1979,3,2.9,11.25,45
1979,4,2.9,11.17,45.3
1979,5,2.9,11.07,45.7
1979,6,2.9,10.98,46.1
1979,7,2.9,10.88,46.5
1979,8,2.9,10.79,46.9
1979,9,2.9,10.7,47.3
1979,10,2.9,10.59,47.8
1979,11,2.9,10.52,48.1
1979,12,2.9,10.43,48.5
1980,1,3.1,11.04,49
1980,2,3.1,10.88,49.7
1980,3,3.1,10.78,50.2
1980,4,3.1,10.73,50.4
1980,5,3.1,10.65,50.8
1980,6,3.1,10.57,51.2
1980,7,3.1,10.48,51.6
1980,8,3.1,10.4,52
1980,9,3.1,10.3,52.5
1980,10,3.1,10.23,52.9
1980,11,3.1,10.13,53.4
1980,12,3.1,10.07,53.7
1981,1,3.35,10.79,54.2
1981,2,3.35,10.65,54.9
1981,3,3.35,10.57,55.3
1981,4,3.35,10.51,55.6
1981,5,3.35,10.48,55.8
1981,6,3.35,10.42,56.1
1981,7,3.35,10.35,56.5
1981,8,3.35,10.27,56.9
1981,9,3.35,10.18,57.4
1981,10,3.35,10.13,57.7
1981,11,3.35,10.08,58
1981,12,3.35,10.04,58.2
1982,1,3.35,9.99,58.5
1982,2,3.35,9.96,58.7
1982,3,3.35,9.94,58.8
1982,4,3.35,9.92,58.9
1982,5,3.35,9.86,59.3
1982,6,3.35,9.78,59.8
1982,7,3.35,9.71,60.2
1982,8,3.35,9.69,60.3
1982,9,3.35,9.66,60.5
1982,10,3.35,9.61,60.8
1982,11,3.35,9.58,61
1982,12,3.35,9.57,61.1
1983,1,3.35,9.54,61.3
1983,2,3.35,9.54,61.3
1983,3,3.35,9.52,61.4
1983,4,3.35,9.44,61.9
1983,5,3.35,9.41,62.1
1983,6,3.35,9.4,62.2
1983,7,3.35,9.37,62.4
1983,8,3.35,9.34,62.6
1983,9,3.35,9.31,62.8
1983,10,3.35,9.26,63.1
1983,11,3.35,9.26,63.1
1983,12,3.35,9.22,63.4
1984,1,3.35,9.16,63.8
1984,2,3.35,9.12,64.1
1984,3,3.35,9.09,64.3
1984,4,3.35,9.06,64.5
1984,5,3.35,9.04,64.7
1984,6,3.35,9.02,64.8
1984,7,3.35,8.99,65
1984,8,3.35,8.97,65.2
1984,9,3.35,8.94,65.4
1984,10,3.35,8.91,65.6
1984,11,3.35,8.9,65.7
1984,12,3.35,8.87,65.9
1985,1,3.35,8.87,65.9
1985,2,3.35,8.82,66.3
1985,3,3.35,8.78,66.6
1985,4,3.35,8.75,66.8
1985,5,3.35,8.75,66.8
1985,6,3.35,8.73,67
1985,7,3.35,8.71,67.1
1985,8,3.35,8.7,67.2
1985,9,3.35,8.66,67.5
1985,10,3.35,8.65,67.6
1985,11,3.35,8.61,67.9
1985,12,3.35,8.57,68.2
1986,1,3.35,8.53,68.5
1986,2,3.35,8.56,68.3
1986,3,3.35,8.6,68
1986,4,3.35,8.63,67.7
1986,5,3.35,8.61,67.9
1986,6,3.35,8.58,68.1
1986,7,3.35,8.57,68.2
1986,8,3.35,8.57,68.2
1986,9,3.35,8.53,68.5
1986,10,3.35,8.52,68.6
1986,11,3.35,8.51,68.7
1986,12,3.35,8.48,68.9
1987,1,3.35,8.45,69.2
1987,2,3.35,8.41,69.5
1987,3,3.35,8.38,69.8
1987,4,3.35,8.34,70.1
1987,5,3.35,8.33,70.2
1987,6,3.35,8.29,70.5
1987,7,3.35,8.28,70.6
1987,8,3.35,8.25,70.9
1987,9,3.35,8.21,71.2
1987,10,3.35,8.2,71.3
1987,11,3.35,8.16,71.6
1987,12,3.35,8.16,71.6
1988,1,3.35,8.13,71.9
1988,2,3.35,8.13,71.9
1988,3,3.35,8.11,72.1
1988,4,3.35,8.05,72.6
1988,5,3.35,8.04,72.7
1988,6,3.35,8.01,73
1988,7,3.35,7.98,73.3
1988,8,3.35,7.94,73.6
1988,9,3.35,7.92,73.8
1988,10,3.35,7.9,74
1988,11,3.35,7.87,74.3
1988,12,3.35,7.86,74.4
1989,1,3.35,7.82,74.8
1989,2,3.35,7.8,74.9
1989,3,3.35,7.77,75.2
1989,4,3.35,7.7,75.9
1989,5,3.35,7.68,76.1
1989,6,3.35,7.65,76.4
1989,7,3.35,7.62,76.7
1989,8,3.35,7.63,76.6
1989,9,3.35,7.61,76.8
1989,10,3.35,7.58,77.1
1989,11,3.35,7.55,77.4
1989,12,3.35,7.54,77.5
1990,1,3.35,7.47,78.3
1990,2,3.35,7.44,78.6
1990,3,3.35,7.41,78.9
1990,4,3.8,8.38,79.1
1990,5,3.8,8.38,79.1
1990,6,3.8,8.33,79.6
1990,7,3.8,8.29,80
1990,8,3.8,8.23,80.6
1990,9,3.8,8.17,81.2
1990,10,3.8,8.13,81.6
1990,11,3.8,8.12,81.7
1990,12,3.8,8.09,82
1991,1,3.8,8.06,82.3
1991,2,3.8,8.06,82.3
1991,3,3.8,8.06,82.3
1991,4,4.25,9,82.4
1991,5,4.25,8.97,82.7
1991,6,4.25,8.95,82.9
1991,7,4.25,8.95,82.9
1991,8,4.25,8.92,83.1
1991,9,4.25,8.89,83.4
1991,10,4.25,8.89,83.4
1991,11,4.25,8.85,83.8
1991,12,4.25,8.83,84
1992,1,4.25,8.82,84.1
1992,2,4.25,8.81,84.2
1992,3,4.25,8.79,84.4
1992,4,4.25,8.77,84.6
1992,5,4.25,8.75,84.8
1992,6,4.25,8.74,84.9
1992,7,4.25,8.71,85.1
1992,8,4.25,8.7,85.2
1992,9,4.25,8.67,85.5
1992,10,4.25,8.65,85.7
1992,11,4.25,8.62,86
1992,12,4.25,8.61,86.1
1993,1,4.25,8.6,86.2
1993,2,4.25,8.58,86.4
1993,3,4.25,8.57,86.5
1993,4,4.25,8.54,86.8
1993,5,4.25,8.51,87.1
1993,6,4.25,8.51,87.1
1993,7,4.25,8.5,87.3
1993,8,4.25,8.49,87.4
1993,9,4.25,8.49,87.4
1993,10,4.25,8.46,87.7
1993,11,4.25,8.43,88
1993,12,4.25,8.42,88.1
1994,1,4.25,8.42,88.1
1994,2,4.25,8.41,88.2
1994,3,4.25,8.39,88.4
1994,4,4.25,8.38,88.5
1994,5,4.25,8.36,88.7
1994,6,4.25,8.35,88.8
1994,7,4.25,8.32,89.1
1994,8,4.25,8.3,89.4
1994,9,4.25,8.29,89.5
1994,10,4.25,8.29,89.5
1994,11,4.25,8.26,89.8
1994,12,4.25,8.25,89.9
1995,1,4.25,8.23,90.1
1995,2,4.25,8.21,90.3
1995,3,4.25,8.19,90.5
1995,4,4.25,8.17,90.8
1995,5,4.25,8.16,90.9
1995,6,4.25,8.14,91.1
1995,7,4.25,8.11,91.4
1995,8,4.25,8.11,91.5
1995,9,4.25,8.11,91.5
1995,10,4.25,8.08,91.8
1995,11,4.25,8.07,91.9
1995,12,4.25,8.07,91.9
1996,1,4.25,8.03,92.4
1996,2,4.25,8.01,92.6
1996,3,4.25,7.99,92.8
1996,4,4.25,7.96,93.2
1996,5,4.25,7.94,93.4
1996,6,4.25,7.92,93.6
1996,7,4.25,7.91,93.7
1996,8,4.25,7.91,93.7
1996,9,4.25,7.89,94
1996,10,4.75,8.79,94.3
1996,11,4.75,8.75,94.7
1996,12,4.75,8.73,94.9
1997,1,4.75,8.72,95.1
1997,2,4.75,8.71,95.2
1997,3,4.75,8.71,95.2
1997,4,4.75,8.71,95.2
1997,5,4.75,8.7,95.3
1997,6,4.75,8.69,95.4
1997,7,4.75,8.68,95.5
1997,8,4.75,8.66,95.7
1997,9,5.15,9.35,96.1
1997,10,5.15,9.35,96.1
1997,11,5.15,9.33,96.3
1997,12,5.15,9.33,96.3
1998,1,5.15,9.32,96.4
1998,2,5.15,9.31,96.5
1998,3,5.15,9.32,96.4
1998,4,5.15,9.31,96.5
1998,5,5.15,9.29,96.7
1998,6,5.15,9.28,96.8
1998,7,5.15,9.26,97
1998,8,5.15,9.26,97.1
1998,9,5.15,9.26,97.1
1998,10,5.15,9.24,97.3
1998,11,5.15,9.22,97.5
1998,12,5.15,9.2,97.7
1999,1,5.15,9.19,97.8
1999,2,5.15,9.19,97.8
1999,3,5.15,9.18,97.9
1999,4,5.15,9.12,98.5
1999,5,5.15,9.11,98.6
1999,6,5.15,9.11,98.6
1999,7,5.15,9.08,99
1999,8,5.15,9.05,99.3
1999,9,5.15,9.01,99.7
1999,10,5.15,9,99.9
1999,11,5.15,8.98,100.1
1999,12,5.15,8.96,100.3
2000,1,5.15,8.93,100.6
2000,2,5.15,8.9,101
2000,3,5.15,8.85,101.5
2000,4,5.15,8.86,101.4
2000,5,5.15,8.85,101.5
2000,6,5.15,8.81,102
2000,7,5.15,8.79,102.2
2000,8,5.15,8.79,102.2
2000,9,5.15,8.75,102.7
2000,10,5.15,8.74,102.8
2000,11,5.15,8.73,102.9
2000,12,5.15,8.73,103
2001,1,5.15,8.67,103.6
2001,2,5.15,8.66,103.8
2001,3,5.15,8.66,103.8
2001,4,5.15,8.65,103.9
2001,5,5.15,8.61,104.4
2001,6,5.15,8.59,104.6
2001,7,5.15,8.61,104.4
2001,8,5.15,8.6,104.5
2001,9,5.15,8.58,104.8
2001,10,5.15,8.59,104.6
2001,11,5.15,8.6,104.5
2001,12,5.15,8.62,104.3
2002,1,5.15,8.59,104.6
2002,2,5.15,8.59,104.6
2002,3,5.15,8.57,104.9
2002,4,5.15,8.53,105.3
2002,5,5.15,8.53,105.4
2002,6,5.15,8.53,105.4
2002,7,5.15,8.51,105.6
2002,8,5.15,8.49,105.9
2002,9,5.15,8.46,106.2
2002,10,5.15,8.45,106.3
2002,11,5.15,8.45,106.4
2002,12,5.15,8.44,106.5
2003,1,5.15,8.4,107
2003,2,5.15,8.35,107.6
2003,3,5.15,8.34,107.7
2003,4,5.15,8.38,107.3
2003,5,5.15,8.39,107.1
2003,6,5.15,8.38,107.2
2003,7,5.15,8.35,107.6
2003,8,5.15,8.31,108.1
2003,9,5.15,8.29,108.4
2003,10,5.15,8.3,108.3
2003,11,5.15,8.3,108.3
2003,12,5.15,8.28,108.5
2004,1,5.15,8.24,109.1
2004,2,5.15,8.21,109.4
2004,3,5.15,8.21,109.5
2004,4,5.15,8.2,109.6
2004,5,5.15,8.16,110.1
2004,6,5.15,8.15,110.3
2004,7,5.15,8.13,110.5
2004,8,5.15,8.13,110.5
2004,9,5.15,8.1,110.9
2004,10,5.15,8.06,111.5
2004,11,5.15,8.02,112
2004,12,5.15,8.02,112
2005,1,5.15,8.04,111.8
2005,2,5.15,8,112.3
2005,3,5.15,7.99,112.5
2005,4,5.15,7.96,112.9
2005,5,5.15,7.97,112.8
2005,6,5.15,7.97,112.7
2005,7,5.15,7.92,113.4
2005,8,5.15,7.88,114.1
2005,9,5.15,7.77,115.6
2005,10,5.15,7.77,115.6
2005,11,5.15,7.8,115.2
2005,12,5.15,7.8,115.2
2006,1,5.15,7.76,115.8
2006,2,5.15,7.76,115.8
2006,3,5.15,7.75,115.9
2006,4,5.15,7.72,116.4
2006,5,5.15,7.69,116.8
2006,6,5.15,7.67,117.1
2006,7,5.15,7.63,117.8
2006,8,5.15,7.6,118.2
2006,9,5.15,7.64,117.7
2006,10,5.15,7.67,117.2
2006,11,5.15,7.67,117.2
2006,12,5.15,7.63,117.8
2007,1,5.15,7.62,117.9
2007,2,5.15,7.6,118.3
2007,3,5.15,7.56,118.9
2007,4,5.15,7.54,119.2
2007,5,5.15,7.51,119.6
2007,6,5.15,7.5,119.8
2007,7,5.85,8.51,120
2007,8,5.85,8.49,120.2
2007,9,5.85,8.46,120.6
2007,10,5.85,8.44,121
2007,11,5.85,8.37,121.9
2007,12,5.85,8.36,122.1
2008,1,5.85,8.33,122.5
2008,2,5.85,8.31,122.8
2008,3,5.85,8.28,123.3
2008,4,5.85,8.26,123.6
2008,5,5.85,8.21,124.4
2008,6,5.85,8.13,125.5
2008,7,6.55,9.04,126.4
2008,8,6.55,9.04,126.4
2008,9,6.55,9.02,126.7
2008,10,6.55,9.09,125.7
2008,11,6.55,9.26,123.4
2008,12,6.55,9.35,122.3
2009,1,6.55,9.32,122.6
2009,2,6.55,9.3,122.9
2009,3,6.55,9.32,122.7
2009,4,6.55,9.31,122.8
2009,5,6.55,9.3,122.9
2009,6,6.55,9.22,124
2009,7,7.25,10.21,123.9
2009,8,7.25,10.17,124.4
2009,9,7.25,10.15,124.6
2009,10,7.25,10.12,125
2009,11,7.25,10.1,125.3
2009,12,7.25,10.1,125.3
2010,1,7.25,10.08,125.5
2010,2,7.25,10.1,125.3
2010,3,7.25,10.1,125.2
2010,4,7.25,10.1,125.3
2010,5,7.25,10.1,125.2
2010,6,7.25,10.11,125.1
2010,7,7.25,10.1,125.3
2010,8,7.25,10.07,125.6
2010,9,7.25,10.06,125.7
2010,10,7.25,10.02,126.2
2010,11,7.25,10.01,126.4
2010,12,7.25,9.98,126.8
2011,1,7.25,9.93,127.4
2011,2,7.25,9.91,127.7
2011,3,7.25,9.85,128.4
2011,4,7.25,9.81,129
2011,5,7.25,9.78,129.3
2011,6,7.25,9.78,129.3
2011,7,7.25,9.75,129.7
2011,8,7.25,9.72,130.1
2011,9,7.25,9.7,130.4
2011,10,7.25,9.69,130.6
2011,11,7.25,9.68,130.7
2011,12,7.25,9.68,130.7
2012,1,7.25,9.65,131.1
2012,2,7.25,9.63,131.4
2012,3,7.25,9.61,131.6
2012,4,7.25,9.6,131.8
2012,5,7.25,9.61,131.6
2012,6,7.25,9.62,131.5
2012,7,7.25,9.63,131.4
2012,8,7.25,9.58,132.1
2012,9,7.25,9.53,132.8
2012,10,7.25,9.51,133.1
2012,11,7.25,9.53,132.8
2012,12,7.25,9.53,132.7
2013,1,7.25,9.52,132.9
2013,2,7.25,9.47,133.6
2013,3,7.25,9.49,133.3
2013,4,7.25,9.51,133
2013,5,7.25,9.51,133
2013,6,7.25,9.49,133.3
2013,7,7.25,9.48,133.5
2013,8,7.25,9.45,133.9
2013,9,7.25,9.44,134
2013,10,7.25,9.44,134
2013,11,7.25,9.43,134.2
2013,12,7.25,9.41,134.5
2014,1,7.25,9.39,134.8
2014,2,7.25,9.38,134.9
2014,3,7.25,9.36,135.2
2014,4,7.25,9.34,135.5
2014,5,7.25,9.33,135.6
2014,6,7.25,9.32,135.8
2014,7,7.25,9.3,136
2014,8,7.25,9.31,135.9
2014,9,7.25,9.31,135.9
2014,10,7.25,9.31,135.9
2014,11,7.25,9.33,135.6
2014,12,7.25,9.37,135
2015,1,7.25,9.43,134.1
2015,2,7.25,9.41,134.5
2015,3,7.25,9.38,134.9
2015,4,7.25,9.37,135
2015,5,7.25,9.34,135.5
2015,6,7.25,9.32,135.8
2015,7,7.25,9.3,136
2015,8,7.25,9.31,135.9
2015,9,7.25,9.34,135.5
2015,10,7.25,9.33,135.6
2015,11,7.25,9.32,135.8
2015,12,7.25,9.34,135.5
2016,1,7.25,9.34,135.4
2016,2,7.25,9.36,135.1
2016,3,7.25,9.32,135.7
2016,4,7.25,9.3,136.1
2016,5,7.25,9.27,136.5
2016,6,7.25,9.25,136.8
2016,7,7.25,9.25,136.7
2016,8,7.25,9.25,136.8
2016,9,7.25,9.22,137.2
2016,10,7.25,9.2,137.5
2016,11,7.25,9.19,137.7
2016,12,7.25,9.17,137.9
2017,1,7.25,9.14,138.4
2017,2,7.25,9.13,138.6
2017,3,7.25,9.13,138.6
2017,4,7.25,9.13,138.6
2017,5,7.25,9.13,138.5
2017,6,7.25,9.13,138.6
2017,7,7.25,9.13,138.5
2017,8,7.25,9.11,138.9
2017,9,7.25,9.06,139.7
2017,10,7.25,9.05,139.8
2017,11,7.25,9.04,140
2017,12,7.25,9.02,140.2
2018,1,7.25,8.99,140.8
2018,2,7.25,8.97,141.1
2018,3,7.25,8.97,141.1
2018,4,7.25,8.94,141.5
2018,5,7.25,8.93,141.7
2018,6,7.25,8.92,141.8
2018,7,7.25,8.92,141.9
2018,8,7.25,8.91,142
2018,9,7.25,8.88,142.4
2018,10,7.25,8.87,142.6
2018,11,7.25,8.88,142.5
2018,12,7.25,8.87,142.6
2019,1,7.25,8.88,142.5
2019,2,7.25,8.85,142.9
2019,3,7.25,8.83,143.3
2019,4,7.25,8.8,143.7
2019,5,7.25,8.8,143.8
2019,6,7.25,8.8,143.7
2019,7,7.25,8.79,144
2019,8,7.25,8.78,144.1
2019,9,7.25,8.77,144.2
2019,10,7.25,8.76,144.5
2019,11,7.25,8.73,144.9
2019,12,7.25,8.71,145.2
2020,1,7.25,8.71,145.3
2020,2,7.25,8.7,145.5
2020,3,7.25,8.73,144.9
2020,4,7.25,8.79,144
2020,5,7.25,8.8,143.7
2020,6,7.25,8.76,144.4
2020,7,7.25,8.71,145.3
2020,8,7.25,8.67,146
2020,9,7.25,8.65,146.2
2020,10,7.25,8.65,146.3
2020,11,7.25,8.63,146.6
2020,12,7.25,8.59,147.3
2021,1,7.25,8.57,147.6
2021,2,7.25,8.54,148.1
2021,3,7.25,8.51,148.7
2021,4,7.25,8.45,149.7
2021,5,7.25,8.4,150.6
2021,6,7.25,8.34,151.7
2021,7,7.25,8.3,152.5
2021,8,7.25,8.27,152.9
2021,9,7.25,8.24,153.5
2021,10,7.25,8.17,154.8
2021,11,7.25,8.11,156
2021,12,7.25,8.06,157
2022,1,7.25,8.01,157.9
2022,2,7.25,7.95,159.1
2022,3,7.25,7.87,160.8
2022,4,7.25,7.83,161.6
2022,5,7.25,7.76,163.1
2022,6,7.25,7.67,164.9
2022,7,7.25,7.68,164.8
2022,8,7.25,7.67,164.9
2022,9,7.25,7.64,165.5
2022,10,7.25,7.6,166.5
2022,11,7.25,7.58,167
2022,12,7.25,7.57,167.1
2023,1,7.25,7.53,168
2023,2,7.25,7.51,168.5
2023,3,7.25,7.51,168.4
2023,4,7.25,7.48,169.2
2023,5,7.25,7.47,169.4
2023,6,7.25,7.46,169.7
2023,7,7.25,7.45,169.9
2023,8,7.25,7.42,170.6
2023,9,7.25,7.39,171.2
2023,10,7.25,7.39,171.3
2023,11,7.25,7.38,171.5
2023,12,7.25,7.36,171.9
2024,1,7.25,7.34,172.4
2024,2,7.25,7.3,173.2
2024,3,7.25,7.28,173.9
2024,4,7.25,7.25,174.5
2024,5,7.25,7.25,174.4
2024,6,7.25,7.26,174.3
2024,7,7.25,7.25,174.5
